,smiles,Biodegradation
0,O=Cc1ccco1,1
1,CCCCCCCCCCN(C)C,1
2,CCCCOC(=O)COC(=O)c1ccccc1C(=O)OCCCC,1
3,C=CCOC1=NS(=O)(=O)c2ccccc21,0
4,ClC1CCCCC1,0
5,COc1cc(OC)nc(NC(=O)Oc2ccccc2)n1,0
6,CC1=CC(/N=N/c2ccccc2[N+](=O)[O-])C(=O)C=C1,0
7,COC(OC)OC,1
8,O=[N+]([O-])c1c(Cl)c(Cl)c(Cl)c(Cl)c1Cl,0
9,Nc1c(N)n2n(c1=O)CCC2,0
10,OCCOCCO,1
11,N/C(=N\c1ccccc1)Nc1ccccc1,0
12,COC1CCC=CO1,0
13,COC(=O)/C=C/C(=O)OC,1
14,OC/C=C/c1ccccc1,1
15,CC(C)CCCCCC(=O)NCCCCCC(=O)O,1
16,CNC(C)C,1
17,COC(=O)c1cc(F)ccc1N,0
18,CCCCC(C#N)c1ccccc1,0
19,ClCCCCCCCCCl,0
20,C=CCCCCCCCCC(=O)NC(Cc1ccccc1)C(=O)O,1
21,O=P1(O)Oc2ccccc2-c2ccccc21,0
22,CCCCCCCCCCCCN(CCC#N)CCC#N,0
23,CCCCCCCCCCCCCC[N+](C)(C)[O-],1
24,C=C(C)C(=O)OCCN(CC)CC,1
25,CC(C)OC(=O)NP(N)(N)=O,0
26,Cc1ccc(C)c(Cl)c1,0
27,Cc1ccccc1S(N)(=O)=O,0
28,CC(C)(CO)COC(=O)C(C)(C)CO,0
29,C1=CC(c2ccc(C3CC=CCC3)cc2)CCC1,0
30,CCCCCCCCCCc1ccc(O)c(CN=O)c1,1
31,C=C[Si](OC(=C)C)(OC(=C)C)OC(=C)C,1
32,CCCCCCC(CO)CCCC,1
33,CNC(C)c1cccc(OC)c1,0
34,CCCCCCCCCCCCCCCCCO,1
35,Nc1ccc(Cl)cc1O,0
36,ClC1=C(Cl)C2(Cl)C3CCC4C(CCC3C1(Cl)C2(Cl)Cl)C1(Cl)C(Cl)=C(Cl)C4(Cl)C1(Cl)Cl,0
37,C=C(C(=O)O)c1ccccc1,1
38,CCCCCCCCCCCCCCCCCC,1
39,Nc1c(Cl)cc(Cl)cc1Cl,0
40,N#Cc1ccccc1,1
41,Cc1cc(S(=O)(=O)O)c(/N=N/C2C(=O)C(C(=O)O)=Cc3ccccc32)cc1Cl,0
42,CCCCN,1
43,CN(C)CCCN(CCCN(C)C)CCCN(C)C,0
44,CCN(CCCl)c1ccc(C=O)cc1,0
45,COC(=O)C=C1CCCC1,1
46,CC(C)S,0
47,O=S(=O)(O)c1cc(Nc2nc(Cl)nc(NCc3cccc(Nc4nc(Cl)nc(Nc5cc(S(=O)(=O)O)cc6cc(S(=O)(=O)O)c(/N=N/c7ccc8c(S(=O)(=O)O)cccc8c7S(=O)(=O)O)c(O)c56)n4)c3)n2)c2c(O)c(/N=N/c3ccc4c(S(=O)(=O)O)cccc4c3S(=O)(=O)O)c(S(=O)(=O)O)cc2c1,0
48,O=C(OCC1CO1)c1ccc(C(=O)OCC2CO2)cc1,1
49,CCCCC,1
50,C=C(C)C(=O)OCCC(F)(F)C(F)(F)C(F)(F)C(F)(F)C(F)(F)C(F)(F)F,0
51,CC(C)c1cccc(C(C)C)c1N=C=Nc1c(C(C)C)cccc1C(C)C,0
52,Br/C=C\c1ccccc1,0
53,NC(CO)C(=O)/N=N/Cc1ccc(O)c(O)c1O,0
54,C=CCOc1nc(OCC=C)nc(OCC=C)n1,0
55,Oc1cccc2c(O)cccc12,0
56,CC[N+](CC)(CC)CC,0
57,CCCCCC1CCC(=O)O1,1
58,Nc1cc(C(=O)O)ccc1Cl,0
59,COc1ccc(C(OC)OC)cc1,1
60,CCCCCCC(C)O,1
61,CC1CCC(C(C)C)C(OC(=O)C(C)O)C1,1
62,C=CCl,0
63,CC(C)c1cccc(C(C)C)c1O,0
64,CN(C)N,0
65,COc1ccccc1NC(=O)C(/N=N/c1ccc(-c2ccc(/N=N/C(C(C)=O)C(=O)Nc3ccccc3OC)c(Cl)c2)cc1Cl)C(C)=O,0
66,CCCCCCCCCCCCCCCO,1
67,Cc1ccc([N+](=O)[O-])cc1,0
68,O=Cc1c(Cl)cccc1Cl,0
69,Nc1ccccc1O,0
70,O=S(=O)(c1ccc(Cl)cc1)c1ccc(Cl)cc1,0
71,CC(C)(c1ccc(OC#N)cc1)c1ccc(OC#N)cc1,0
72,CCCCCCCCCCCC[N+](C)(C)[O-],1
73,CCS,0
74,Cn1sc(Cl)cc1=O,0
75,CC(C)CC(C)c1ccccc1N,0
76,CCCCCCCCCCCCOS(=O)(=O)c1ccccc1,1
77,C=Cc1ccc(CCl)cc1,0
78,N#CCc1ccccc1,1
79,CC(=O)c1ccc(O)cc1,1
80,O=C1CCCO1,1
81,Br/C=C/c1ccccc1,0
82,CCCCCCCCCCCCCOP(Oc1ccccc1)Oc1ccccc1,0
83,CC(C)C(N)C(=O)O,1
84,CC(=O)OC/C=C(\C)C=O,1
85,CCCNCC,1
86,CSc1ccc(O)cc1C,0
87,Cc1ncc(CN)c(N)n1,0
88,O=C(O)c1ccc(Cl)cc1Cl,0
89,CC1=CC(C)(C)CC(=O)C1,1
90,CCCCCCCCCCCCSCCC(=O)OCC(COC(=O)CCSCCCCCCCCCCCC)(COC(=O)CCSCCCCCCCCCCCC)COC(=O)CCSCCCCCCCCCCCC,0
91,O=C1c2ccccc2C(=O)c2c(O)ccc(O)c21,0
92,CC(=O)OC1CCCCC1C,1
93,O=C1c2c(cc(S(=O)(=O)O)cc2Nc2nc(Cl)nc(Nc3ccc(S(=O)(=O)CCOS(=O)(=O)O)cc3)n2)C=C(S(=O)(=O)O)C1/N=N/c1ccc2c(S(=O)(=O)O)cccc2c1S(=O)(=O)O,0
94,CCC(CO)(CO)C(=O)O,0
95,COc1ccccc1C(=O)O,1
96,CC(=O)C1=C(C)C2CC3(C1)C(C)CCC3C2(C)C,0
97,CCNc1nc(Cl)nc(NC(C)C)n1,0
98,CCOC(=O)c1ccccc1O,1
99,OCCOCCOCCOCCO,1
100,Oc1ccc(C(c2ccc(O)cc2)c2ccccn2)cc1,0
101,Cc1ccc(Nc2nc(Nc3ccc(C)cc3)c(/N=N/c3ccccc3C(F)(F)F)c(C)c2C#N)cc1,0
102,N#Cc1cccc(C#N)c1,0
103,CC(C)(C)c1cc(-c2cc(C(C)(C)C)cc(C(C)(C)C)c2O)c(O)c(C(C)(C)C)c1,0
104,CCc1ccc(C)nc1,0
105,OCCNc1ccccc1,0
106,C/C(=C\C(C)C)C(C)OC(C)(C)COC(=O)C1CC1,0
107,O=S1(=O)CCCO1,1
108,O=C(OC1CCCCC1)c1ccccc1C(=O)OC1CCCCC1,1
109,CCC(O)CCCCCCCCCS(=O)(=O)O,1
110,Clc1cccc(Cl)c1,0
111,Cc1cc(C)c(C=O)c(C)c1,0
112,Cc1cc(C)[nH]n1,0
113,CC12CC(O)C3C4CCC(=O)C=C4CCC3C1CCC2=O,0
114,Nc1ccncc1,0
115,Nc1cnn(CCO)c1N,0
116,Clc1cccc(Cl)c1Cl,0
117,O=C1C(Cl)=C(Cl)C(=O)C(Cl)=C1Cl,0
118,Cc1cc(C(C)(C)C)c(OP2OCC3(CO2)COP(Oc2c(C(C)(C)C)cc(C)cc2C(C)(C)C)OC3)c(C(C)(C)C)c1,0
119,C=C(C)CC(C)(C)C,0
120,NCCCN,1
121,C=Cc1ccccn1,0
122,CCOC(=O)CC(O)(CC(=O)OCC)C(=O)OCC,1
123,COc1cc(/N=N/c2cc(S(=O)(=O)O)c3cccc(S(=O)(=O)O)c3c2)c(C)cc1Nc1nc(SCCCS(=O)(=O)O)nc(SCCCS(=O)(=O)O)n1,0
124,Clc1ccccc1NNc1ccccc1Cl,0
125,O=[N+]([O-])c1ccc(S(=O)(=O)O)cc1,0
126,C=C(C)C(=O)NCCCN(C)C,1
127,CC(C)COC(=O)C(C)Cl,1
128,CC(=O)CC(C)(C)O,1
129,CCC(C)Cl,1
130,CCCO,1
131,CC(=O)Oc1ccccc1C(=O)O,1
132,O=C(O)C(F)(F)C(F)(F)C(F)(F)C(F)(F)C(F)(F)C(F)(F)C(F)(F)C(F)(F)C(F)(F)C(F)(F)C(F)(F)C(F)(F)C(F)(F)F,0
133,C1CN2CCN1CC2,0
134,CCC(C)O,1
135,C[N+](C)(C)CC1CO1,1
136,CCC(=O)CC(C)CC,1
137,CC1CC(C)(C)CC(OOC(C)(C)C)(OOC(C)(C)C)C1,0
138,CCc1ccc(-c2ccccc2)cc1,0
139,CCOc1ccc(NC(=O)c2cc3ccccc3cc2O)cc1,0
140,N#CCN(CC#N)CCCN(CC#N)CC#N,0
141,CC(C)C12C=CC(C)(CC1)C1C(=O)OC(=O)C12,0
142,Cc1cc(O)c(C)c(C)c1O,0
143,O=C(O)CO,1
144,C=CC(=O)OCc1c(Br)c(Br)c(Br)c(Br)c1Br,0
145,CCCCCC(CN)CCC,1
146,O=[N+]([O-])C(Br)(CO)CO,0
147,CCOC(=O)c1nn(-c2ccc(OC)cc2)c2c1CCN(c1ccc(N3CCCCC3=O)cc1)C2=O,0
148,CCOCCOCCO,1
149,Oc1ccccc1,1
150,CCCCC(O)C(N)CC,1
151,N#Cc1cc(Br)c(O)c(Br)c1,1
152,CCCCCCCCCCCCCCCCCCN,1
153,C[N+](C)(CC[N+](C)(C)CC(O)COCC(F)(F)C(F)F)CC(O)COCC(F)(F)C(F)F,0
154,O=C(O)c1ccc2cc(C(=O)O)ccc2c1,0
155,CCCCC(CC)CNC(=O)CCCCCC(C)C,1
156,CC(CN)CCCCCCN,1
157,NC(CCC(=O)O)C(=O)O,1
158,CC(N)CN,0
159,CC(C)CP(=S)(S)CC(C)C,1
160,CCCCCC(CCC)COC(=O)OCC(CCC)CCCCC,1
161,ClCCc1ccccc1,0
162,FC(F)(F)c1ccc(Cl)cc1,0
163,CCCCCCCC(=O)NCC(=O)O,1
164,CCO[Si](CCCN)(OCC)OCC,0
165,CCCCc1oc2ccc([N+](=O)[O-])cc2c1C(=O)c1ccc(O)cc1,0
166,Clc1cccc(N2CCNCC2)c1,0
167,O=C1OCc2ccccc21,1
168,CC(C)(C)c1cc(-c2ccccc2)cc(C(C)(C)C)c1O,0
169,O=S(=O)(Oc1ccc(Cl)cc1)c1ccc(Cl)cc1,0
170,NC(Cc1ccccc1)C(=O)O,1
171,CNCC(O)C(O)C(O)C(O)CO,1
172,CCCCCCCCO,1
173,O=C(O)C(O)c1ccccc1Cl,0
174,CCCCCCCCCCCCOP(=O)(O)O,1
175,NNC(=O)NN,1
176,Clc1ccc(Oc2cccc(Cl)c2)cc1,0
177,O=C1OC(c2ccc(O)cc2)(c2ccc(O)cc2)c2ccccc21,0
178,c1ccc2c(c1)Sc1ccccc1S2,0
179,ClC1=C(Cl)C2(Cl)C3C(Cl)C=CC3C1(Cl)C2(Cl)Cl,0
180,CCCCN1CCCC1=O,1
181,COc1ccccc1O,1
182,O=C(O)CCCCCCCCCCCCC(=O)O,1
183,Cc1ccc(S(=O)(=O)NCCCCCC(=O)O)cc1,0
184,CCCCCCCCCCCCCCCCCCCCCCCCCCCCCCCCCCCC,1
185,O[Sn](c1ccccc1)(c1ccccc1)c1ccccc1,0
186,CC(C)=CCC/C(C)=C/CC/C(C)=C/CC/C=C(\C)CC/C=C(\C)CCC=C(C)C,0
187,NCc1cccc(CN)c1,0
188,CN(C)C(CSC(N)=O)CSC(N)=O,0
189,Nc1ccc(/C=C/c2ccc(N)cc2S(=O)(=O)O)c(S(=O)(=O)O)c1,0
190,O=C(O)CC(CP1(=O)Oc2ccccc2-c2ccccc21)C(=O)O,0
191,C=C(C)C(=O)OCCOCCOCCOCC,1
192,CCOC(OCC)OCC,1
193,C=CC(C)CCCC(C)(C)O,1
194,FC(F)(F)C(Cl)Cl,0
195,COP(=S)(OC)SCn1nnc2ccccc2c1=O,1
196,O=P(OCCCl)(OCCCl)OCC(CCl)(CCl)COP(=O)(OCCCl)OCCCl,0
197,CN(C(=S)SSC(=S)N(C)c1ccccc1)c1ccccc1,0
198,O=C1CNC(=O)N1,1
199,CC(C)=CCCC(C)CCO,1
200,CCC(CO)(CO)COCC(CC)(CO)CO,0
201,Cc1cc(NC(=O)Nc2ccc(/N=N/c3cc(S(=O)(=O)O)c4cccc(S(=O)(=O)O)c4c3)c(C)c2)ccc1/N=N/c1cc(S(=O)(=O)O)c2cccc(S(=O)(=O)O)c2c1,0
202,CCCCC(O)CO,1
203,C=C(C)C(=O)OCCCCCCCCCCCCCCCCCC,1
204,O=C(O)CCS,1
205,C=C(C)C(=O)OC(C)(C)C,0
206,CC1CC2C3CC(F)C4=CC(=O)C=CC4(C)C3C(O)CC2(C)C1C(=O)CO,0
207,CCCCC(CC)CN(CC(CC)CCCC)Cn1cncn1,0
208,CC1C2C=CC1C(C(=O)O)C2C(=O)O,0
209,O=C(OCC1CCC2OC2C1)C1CCC2OC2C1,0
210,C=C(C)C(=O)OCCCCOC(=O)C(=C)C,1
211,CCCCCCCCC(CCCCCC)C(=O)Nc1cc(C)ccc1O,0
212,N#CC(c1ccccc1)c1ccccc1,0
213,CC(=O)NC1C(O)OC(CO)C(O)C1O,1
214,COC(=O)CC(=O)C(C)(C)C,0
215,NNC(=O)CCCCC(=O)NN,0
216,CC(C)c1ccccc1OP(=O)(Oc1ccccc1C(C)C)Oc1ccccc1C(C)C,0
217,CC(C)C(=O)OCC(C)(C)C(OC(=O)C(C)C)C(C)C,0
218,Clc1ccc(OCOCC#CI)cc1,0
219,CC(C)COC(=S)S,1
220,O=C(Cl)CCCCl,1
221,CCOP(=S)(Oc1ccc([N+](=O)[O-])cc1)c1ccccc1,0
222,O=C(Nc1ccc(Cl)c(Cl)c1)Nc1cc(Cl)ccc1Oc1ccc(Cl)cc1S(=O)(=O)O,0
223,Cc1ccc(O)c(C)c1,1
224,Nc1ccc(Cl)cc1C(=O)O,0
225,O=c1c2ccccc2c2ccc3sc4ccccc4c4ccc1c2c34,0
226,CCOC(=O)C1=NN(c2ccccc2)C(=O)C1,1
227,CC(=O)C(/N=N/c1cc(Cl)c(-c2cc(Cl)c(/N=N/C(C(C)=O)C(=O)Nc3ccc(C)cc3C)cc2Cl)cc1Cl)C(=O)Nc1ccc(C)cc1C,0
228,CNC(=O)CC(C)=O,1
229,CCCCO[P+](=O)OCCCC,0
230,CC(O)CN,1
231,O=C=Nc1ccc(Cl)c(Cl)c1,0
232,OCC(CO)(CBr)CBr,0
233,C[N+](C)(C)C,1
234,CCN(CC)CCCNc1nc(NCCCN(CC)CC)nc(Nc2ccc3c(O)c(/N=N/c4ccc5[nH]c(=O)[nH]c5c4)c(S(=O)(=O)O)cc3c2)n1,0
235,CCCCCCCCCCCCCCCCCCCCCCCCCCCCO,1
236,CNCCO,1
237,CC1(C)SC2C(N)C(=O)N2C1C(=O)O,0
238,CC/C=C/CCOC(=O)c1ccccc1O,1
239,O=C(O)c1c(Cl)cccc1Cl,0
240,COCCCOc1cc(CC(CC(N[N+]#N)C2CC(C(C)C)C(=O)O2)C(C)C)ccc1OC,0
241,CC(C)(N)CO,0
242,C#CCOS(=O)OC1CCCCC1Oc1ccc(C(C)(C)C)cc1,0
243,O=C=NCCCCCCN=C=O,0
244,NC(N)=NCCCC(N)C(=O)O,1
245,C=C(C)C(=O)OC1CC2CCC1(C)C2(C)C,1
246,N#Cc1ccccc1C#N,0
247,C=CC(=O)OC,1
248,COC(=O)OC,1
249,CC(C)(c1cc(Br)c(OCC(Br)CBr)c(Br)c1)c1cc(Br)c(OCC(Br)CBr)c(Br)c1,0
250,O=[N+]([O-])c1ccccc1Cl,0
251,CC(C)(c1ccccc1)c1ccc(Nc2ccc(C(C)(C)c3ccccc3)cc2)cc1,0
252,O=C1C2CC=CCC2C(=O)N1SC(Cl)(Cl)Cl,0
253,FC(F)(F)C(F)(F)C(F)(F)C(F)(F)C(F)(F)C(F)(F)C(F)(F)F,0
254,CC(C)(C)c1ccc(O)c(O)c1,0
255,N#Cc1ccc(O)cc1,1
256,CCOC(=O)CN(CC(=O)OCC)C(=O)Oc1c(C#N)c(C(=O)O)c2n1NC(c1ccc(C(C)(C)C)cc1)(C1CC(C)CCC1(C(C)(C)C)C(C)(C)C)N2,0
257,NCC1CCC(C(=O)O)CC1,0
258,CC(C)(C)C=O,1
259,C=C(Cl)Cl,0
260,CC(=O)Nc1ccc(S(=O)(=O)O)cc1,0
261,NCCNCCN,0
262,O=C(O)c1ccc2c(c1)C(=O)OC2=O,1
263,C=C(C)C(=O)OCC,1
264,Nc1c(Br)cc(Br)cc1CNC1CCC(O)CC1,0
265,O=CC1CCOC1,1
266,C=C(C)C(=O)OCCN,1
267,C=CCn1c(=O)n(CC=C)c(=O)n(CC=C)c1=O,0
268,CCCCCCOCCOCCO,1
269,CC(C)OC(C)C,0
270,NCC(=O)NC(CCC(N)=O)C(=O)O,1
271,Cc1ccc(C)c(Cc2ccccc2)c1,0
272,C=CC(=O)OC1C=CC2C3CCC(C3)C12,0
273,N#CCc1ccc(Cl)cc1,0
274,COc1cccc(OC)c1,1
275,CCCCC(=O)N(Cc1ccc(-c2ccccc2-c2nnn[nH]2)cc1)C(C(=O)OCc1ccccc1)C(C)C,0
276,O=C1Cc2ccccc2O1,1
277,CCCCCCCCCCCCCCCC(=O)OC(C)C,1
278,CCC(C)N=O,0
279,COc1ccc(OC)c(Cl)c1,0
280,CC(=O)Oc1c(C)ncc2c1COC(C(C)C)OC2,0
281,CNC(C)C(O)c1ccccc1,1
282,CCOC(=O)C(F)F,1
283,CCCCCCCCC#N,1
284,CC1=CC(=O)CC(C)(C)C1,0
285,N#Cc1cccc(C2=NC(=O)C3=C(c4cccc(C#N)c4)NC(=O)C23)c1,0
286,O=C1CCCCCN1,1
287,CN(O)CCO,1
288,O=C=NCc1cccc(CN=C=O)c1,0
289,NCCN1CCNCC1,0
290,OC(c1ccccc1)c1ccc(Cl)cc1,0
291,CC(CO)(CO)CO,0
292,COC(=O)C(C)(C)c1ccc(Br)cc1,0
293,Nc1ccccn1,0
294,CC(C)(C)C(=O)OC1CCC2(C)C(=CC(O)C3C2CCC2(C)C(=O)C4CC4C32)C1,0
295,CCCCCC(=O)O,1
296,C=CC(C)(O)CCC=C(C)C,1
297,COC(=O)Nc1cccc(C)c1,1
298,O=C(ON=C1C=CC(=NOC(=O)c2ccccc2)C=C1)c1ccccc1,0
299,CC(C)(C)CC(C)(C)OO,0
300,N#CCCN(CCOC(=O)c1ccccc1)c1ccc(/N=N/c2ccc([N+](=O)[O-])cc2)cc1,0
301,N#CCCCCC#N,1
302,COC(=O)c1ccccc1OS(=O)(=O)c1ccc(O)cc1,0
303,COC(=O)CCl,1
304,CCCCOC(=O)CC(C)=O,1
305,S=C(S)NCCNC(=S)S,0
306,O=C(O)c1ccc(Sc2ccccc2)cc1,1
307,CCCCOC(=O)c1ccc(C(=O)OCCCC)c(C(=O)OCCCC)c1,1
308,C=C(C)C(=O)OCCN(C)C,1
309,Nc1ccc2c(S(=O)(=O)O)cccc2c1S(=O)(=O)O,0
310,C=CC(=O)NCCCN(C)C,0
311,Cl/C=C/Cl,0
312,CC(C)C(=O)OCCOc1ccccc1,1
313,CC(CCO)CCc1ccccc1,1
314,CCCCCCCCCCCCOCCCCCCCCCCCC,1
315,CNC(=O)CC#N,0
316,C=C(C)C(=O)OC1CCCCC1,1
317,CCCCC(CC)COC(=O)CCCCCCCCC(=O)OCC(CC)CCCC,1
318,Nc1c(Cl)cc(-c2cc(Cl)c(N)c(S(=O)(=O)O)c2)cc1S(=O)(=O)O,0
319,OCC1OC2OC3C(CO)OC(OC4C(CO)OC(OC5C(CO)OC(OC6C(CO)OC(OC7C(CO)OC(OC8C(CO)OC(OC9C(CO)OC(OC1C(O)C2O)C(O)C9O)C(O)C8O)C(O)C7O)C(O)C6O)C(O)C5O)C(O)C4O)C(O)C3O,1
320,CC/C=C/CCOC(=O)C/C=C/CC,1
321,CC1C(C=O)CC2CC1C2(C)C,0
322,N#[N+]c1c([O-])[nH]c(=O)[nH]c1=O,0
323,CC(C)c1ccc(N)cc1,0
324,Cc1ccc(C(=O)Nc2ccc(S(=O)(=O)O)cc2)cc1N,0
325,CNC(=O)c1cc(Oc2ccc(NC(=O)Nc3ccc(Cl)c(C(F)(F)F)c3)cc2)ccn1,0
326,O=[N+]([O-])c1ccc(O)cc1,0
327,CCCCO,1
328,c1ccc2c(c1)-c1cccc3cccc-2c13,0
329,Cc1ccc(O)cc1[N+](=O)[O-],0
330,Nc1ccc([N+](=O)[O-])cc1Cl,0
331,C/C=C/CCc1ccc(-c2ccc(C)cc2)cc1,0
332,O=C(O)CBr,1
333,Oc1ccc(Cl)cc1O,0
334,CCOCCOCCOC(=O)C1CCC(C(=O)OCCOCCOCC)CC1,0
335,CC1OC(C)OC(C)OC(C)O1,0
336,Nc1ncn[nH]1,0
337,Oc1ccc(Cc2ccccc2)cc1,0
338,CC(C)=O,1
339,C=C(C)c1ccc(O)cc1,0
340,CCCCCCCC[Sn](CCCCCCCC)(CCCCCCCC)CCCCCCCC,0
341,CCC(N)CO,1
342,N#CCCOCCC#N,1
343,Cc1ccc(C)c(N)c1,0
344,CCc1cccc(C)c1Nc1ccc(Nc2c(C)cccc2CC)c2c1C(=O)c1ccccc1C2=O,0
345,C/C=C1\CC2C=CC1C2,0
346,CCCCCCCCCCCCc1ccccc1,1
347,FC(F)(Cl)C(F)(F)Cl,0
348,CCCCCCCCCC[N+](C)(C)Cc1ccccc1,0
349,C=C1COC2(OCCCO2)OC1,0
350,S=C(SSSSSSC(=S)N1CCCCC1)N1CCCCC1,0
351,CCNc1cccc2ccccc12,0
352,CC(CO)Cc1ccc(C(C)(C)C)cc1,1
353,COC(C)CCO,1
354,CCCCC(CC)COP(=O)(OCC(CC)CCCC)OCC(CC)CCCC,0
355,C=Cc1ccccc1CC,0
356,CCC(=O)OC(=O)CC,1
357,CC(=O)/C=C/C1=C(C)CCCC1(C)C,1
358,CSc1ccccc1,0
359,CNCCS(=O)(=O)O,1
360,Cc1ccc([N+](=O)[O-])cc1Cl,0
361,CC(Oc1cc(Cl)c(Cl)cc1Cl)C(=O)O,0
362,CC(=O)OC(C)c1ccccc1,1
363,O=C(O)CC(O)(CC(=O)O)C(=O)O,1
364,CCCCCCCCCCCC(=O)OC(C)CS(=O)(=O)O,1
365,C=CCOC(=O)C(C)(C)OC(=O)c1cc(N)ccc1Cl,0
366,O=C(c1ccc(O)cc1)c1ccc(O)c(O)c1O,0
367,CCCC[Sn](CCCC)(CCCC)OC(=O)C(Br)C(Br)C(=O)O[Sn](CCCC)(CCCC)CCCC,0
368,O=S(=O)(O)CCO,1
369,Cc1ccc(C=O)cc1C,1
370,CCCBr,1
371,CC(C)C(O)C(C)(C)CO,0
372,COc1cc(C(=O)O)cc(OC)c1O,1
373,CCOCCOCCOC(C)=O,1
374,COc1cc2[nH]c(=O)c(=O)[nH]c2cc1N,0
375,CCCCCCCCCCCC(=O)O[Sn](CCCC)(CCCC)OC(=O)CCCCCCCCCCC,0
376,CCCC[Sn](CCCC)(CCCC)O[Sn](CCCC)(CCCC)CCCC,0
377,CC(=O)OCC1OC(n2cc(C)c(=O)[nH]c2=O)CC1OC(C)=O,0
378,C=Cc1ccc(CC)cc1,0
379,CC(C)(C)OOC(=O)c1ccccc1,0
380,C=CC(C)(C)O,0
381,c1ccccc1,1
382,COP(=O)(OC)OC,0
383,C=C(Cl)C(=O)OCCC(F)(F)C(F)(F)C(F)(F)C(F)(F)C(F)(F)C(F)(F)F,0
384,CNCCCN,1
385,Cc1ccc(S(=O)(=O)OC2CCC3(C)C(CCC4C5CCC(=O)C5(C)CCC43)C2)cc1,0
386,C=CC1CCC(C2CCC(CCCCC)CC2)CC1,0
387,Cc1cc(C(=O)C(F)(F)F)ccc1Cl,0
388,CC(CC(C)(C)C)CC(C)(C)CC(C)(C)C,0
389,CCCCCCCCOC(=O)c1ccccc1C(=O)OCCCCCCCC,1
390,CCNC(=S)OC(C)C,0
391,C=C(C)c1ccccc1,0
392,Cc1cc(C)cc(OP(=O)(Oc2ccc(C)cc2C)Oc2cccc(C)c2C)c1,0
393,O=C(O)c1cc([N+](=O)[O-])cc([N+](=O)[O-])c1,0
394,CCCCCCCCOc1ccc(C(=O)c2ccccc2)c(O)c1,0
395,NCCCCCCCCCCC(=O)O,1
396,CC(C)(C)OC(=O)NC(C(=O)N1C(C#N)CC2CC21)C12CC3CC(CC(O)(C3)C1)C2,0
397,Nc1ccc(S(=O)(=O)c2ccc(N)cc2)cc1,0
398,N#CCCN(CCC#N)c1ccc(/N=N/c2c(Cl)cc([N+](=O)[O-])cc2Cl)cc1,0
399,O=C1NC(=O)C(c2ccccc2)(c2ccccc2)N1,0
400,O=C(O)CCl,1
401,N=C(N)N(c1ccccc1)c1ccccc1,0
402,CCC(CC)C(=O)O,1
403,CC1=CCC(/C=C/C(C)(C)C(C)O)C1(C)C,0
404,C=CCOC(=O)C(C)(C)OC(=O)c1cc(N=C=O)ccc1Cl,0
405,CC1(C)OCC(CO)O1,0
406,COc1ccc(C(=O)Nc2ccc(C3N=NC(=O)CC3C)cc2[N+](=O)[O-])cc1,1
407,Clc1ccccc1,0
408,CCCCCCCCCCCCCC(=O)N(CCO)CCO,1
409,O=S(=O)(O)C(F)(F)C(F)(F)C(F)(F)C(F)(F)C(F)(F)C(F)(F)C(F)(F)C(F)(F)F,0
410,CCOC(=O)CC(=O)c1ccc(OC)cc1,1
411,CCC(C)N,1
412,CC(C)OC(=S)S,1
413,C=CC(=O)NCC(OC)OC,0
414,CCc1nc(CC)nc(NS(=O)(=O)c2ccc(N)cc2)n1,0
415,CC(C)C1CCCCC1,0
416,CC(C)(C1CCCO1)C1CCCO1,0
417,CCN1CN(CC)CN(CC)C1,1
418,CCCOC(=O)c1ccc(O)cc1,1
419,O=Cc1ccc(C=O)cc1,1
420,COC(=O)c1ccc(C(=O)OC)cc1,1
421,O=C(O)c1cnccn1,1
422,Cc1cccc(C(C)C)c1,0
423,O=C1N=C(Cc2ccccc2)C(=O)N1,1
424,CC(C)C(N)C(=O)OCc1ccccc1,1
425,OC(CCl)CCl,1
426,CC(=O)OC1CCCCC1C(C)(C)C,0
427,COC(=O)c1ccccc1C(=O)c1ccccc1,0
428,CC/C=C/C/C=C/C/C=C/CCCCCCCC(=O)O,1
429,C1=CCC(C2OCC3(CO2)COC(C2CC=CCC2)OC3)CC1,1
430,Cn1cc(-c2ccccc2)c(=O)c(-c2cccc(C(F)(F)F)c2)c1,0
431,COP(=S)(OC)Oc1ccc(C#N)cc1,0
432,O=C(CCl)c1ccc(Cl)cc1Cl,0
433,CCCCN(C)C(=O)Nc1ccc(Cl)c(Cl)c1,0
434,BrCC(CBr)(CBr)CBr,0
435,CNc1cccc(C)c1,0
436,Nc1ccccc1C(=O)O,1
437,O=C(O)c1ccc[n+](Cc2ccccc2)c1,0
438,CCCCCCCCCCCC(=O)O[Sn](CCCC)(CCCC)CCCC,0
439,CCOC(=O)C(Cl)(Cl)Cl,1
440,CCOC(=O)CCl,1
441,CCCCCCN,1
442,COc1ccc(C)cc1,1
443,CCCCNCC,1
444,COCN(COC)c1nc(N(COC)COC)nc(N(COC)COC)n1,0
445,CC1CCN(c2nc3cc(Cl)ccc3o2)CCN1,0
446,ClC1=C(Cl)C(Cl)(Cl)C(Cl)=C1Cl,0
447,ClC(Cl)=C(Cl)C(Cl)=C(Cl)Cl,0
448,ClCC(Cl)CCl,0
449,CC(=O)C(/N=N/c1ccc(-c2ccc(/N=N/C(C(C)=O)C(=O)Nc3ccc(C)cc3C)c(Cl)c2)cc1Cl)C(=O)Nc1ccc(C)cc1C,0
450,CCCCCCCCCCOCCCCCCCCCC,1
451,CCCCCCCCCCCCCCCC(=O)OC/C=C(C)/C=C/C=C(C)/C=C/C1=C(C)CCCC1(C)C,1
452,CCN(CC)CC,1
453,C1CN(SSN2CCOCC2)CCO1,0
454,Cc1ccc(N)cc1N,0
455,O=[N+]([O-])c1ccc(Cl)c(S(=O)(=O)O)c1,0
456,CC(C)(C)c1cc(CCC(=O)O)ccc1O,0
457,Clc1cccc(Cl)n1,0
458,O=Cc1c(O)ccc2ccccc12,1
459,CC(C)COP(O)(=S)OCC(C)C,0
460,CCCCC(CC)CN,1
461,CC1CC(CC2CCC(N)C(C)C2)CCC1N,0
462,O=C(O)CN(CC(=O)O)CC(=O)O,1
463,S=C(Nc1ccccc1)Nc1ccccc1,0
464,O=S(=O)(c1ccc(Cl)cc1)c1cc(Cl)c(Cl)cc1Cl,0
465,C=C(C)C(=O)OCCC[Si](OC)(OC)OC,1
466,CC(C)C1OCC=CCO1,0
467,N#Cc1c(F)cccc1F,0
468,CCCCCCCC/C=C/CCCCCCCC(=O)OCC(CC)CCCC,1
469,C=CC(=C)CCC=C(C)C,1
470,CCCCCCCC/C=C/CCCCCCCC(=O)OCCS(=O)(=O)O,1
471,Nc1cccc(C(=O)O)c1,0
472,COC(=O)C(F)(F)C(F)OC(F)(F)C(F)(F)C(F)(F)OC(F)(F)F,0
473,O=C(CBr)OCCOC(=O)CBr,0
474,CCCCCCCC/C=C/CCCCCCCC(=O)OCC(CO)(CO)CO,1
475,O=C(O)CN(CC(=O)O)CP(=O)(O)O,0
476,NC(=O)NC1NC(=O)NC1=O,1
477,Cn1cc(C(=O)Nc2cccc3c2C2CCC3C2=C(Cl)Cl)c(C(F)F)n1,0
478,NC(=O)Nc1ccccc1,0
479,CC1COC(=O)O1,1
480,CCCCCCCCCCCC(=O)N(C)CC(=O)O,1
481,COC(=O)Nc1nc2ccccc2[nH]1,0
482,Sc1cccc2ccccc12,0
483,NNc1c(Cl)cc(Cl)cc1Cl,0
484,COCC(=O)N(c1c(C)cccc1C)C(C)C(=O)OC,0
485,CCCN(CCC)c1c([N+](=O)[O-])cc(C(F)(F)F)cc1[N+](=O)[O-],0
486,CCCCCCC(=O)OCC(COC(=O)CCCCCC)OC(=O)CCCCCC,1
487,Oc1cc(Cl)c(Br)cc1Cl,0
488,O=C(Oc1cccc2cccnc12)c1ccccc1,1
489,CCCCCCCCCCCCCCN(C)C,1
490,Nc1ccc2ccccc2c1S(=O)(=O)O,0
491,NC(=O)C1CCCN1,1
492,Cc1ccc(O)c(C(C)(C)C)c1,0
493,CC1COCc2cc3c(cc21)C(C)(C)C(C)C3(C)C,0
494,C=C(C)C(=O)OCCOCCOC(=O)C(=C)C,1
495,C1=Cc2cccc3cccc1c23,0
496,Oc1c(C2CCCCC2)cccc1C1CCCCC1,0
497,O=C1OC(=O)c2cc(Cl)ccc21,0
498,Cc1cnc(N)s1,0
499,Cc1cc(C)c(O)c(C)c1,0
500,CCCOCC(C)O,1
501,FC(Cl)Cl,0
502,O=C1OC(=O)c2ccccc21,1
503,Cc1ccc(C)cc1,1
504,CC=C(C(=O)OC)C(=O)OC,1
505,O=C=Nc1ccc(C(c2ccc(N=C=O)cc2)c2ccc(N=C=O)cc2)cc1,0
506,CC(C)(c1ccccc1)c1ccc(OP2OCC3(CO2)COP(Oc2ccc(C(C)(C)c4ccccc4)cc2C(C)(C)c2ccccc2)OC3)c(C(C)(C)c2ccccc2)c1,0
507,CC1(C)NC(=O)NC1=O,1
508,C=C1CC(=O)O1,1
509,O=C(O)CSc1ncccn1,1
510,CC12C=CC(=O)C=C1CCC1C2CCC2(C)C(=O)CCC12,1
511,C=Cc1cccc(Cl)c1,0
512,COc1ccc(C(=O)Nc2ccccc2)cc1N,0
513,Cc1cc(Cl)ccc1N,0
514,CC(C)c1ccc(C(C)(C)C(C)(C)c2ccc(C(C)C)cc2)cc1,0
515,COC(=O)C/C(C)=N\C(C(=O)O)c1ccc(O)cc1,1
516,CCCCC(CC)COC(=O)C1CCC(C(=O)OCC(CC)CCCC)CC1,0
517,CCCCCCCCCCCC(=O)NCCCN,1
518,O=C(Cl)c1ccc(Cl)cc1,0
519,O=C(O)c1cccc(S(=O)(=O)O)c1,0
520,Cc1cc(O)c(C(C)(C)C)cc1Sc1cc(C(C)(C)C)c(O)cc1C,0
521,Cc1c(C)c2c(c(C)c1O)CCC(C)(CCCC(C)CCCC(C)CCCC(C)C)O2,0
522,CS(C)=O,0
523,OC1COC2C(O)COC12,1
524,CC(C)(C)NCC(O)c1ccc(O)c(CO)c1,0
525,O=S(=O)(O)c1ccc2nc(-c3ccccc3)[nH]c2c1,0
526,CCC(C)(C)c1cc(O)c(C(C)(C)CC)cc1O,0
527,CC/C=C(\C)C=O,1
528,CC1(C)CC(=O)CC(C)(C)N1,0
529,CC1(OO)CCC2CC1C2(C)C,0
530,O=C1c2ccccc2C(=O)N1CC1=Nc2ccccc2Cc2ccccc21,0
531,C=CC(=O)OCCOC(=O)Nc1cccc(SC)c1,0
532,O=C(O)C(F)(OC(F)(F)C(F)(F)C(F)(F)F)C(F)(F)F,0
533,CCOC(=O)C(C)CC,1
534,CC(C)(C)C(=O)Cl,1
535,O=C1CCCCCN1C(=O)NCCCCCCNC(=O)N1CCCCCC1=O,0
536,O=[N+]([O-])c1ccc(Cl)c([N+](=O)[O-])c1,0
537,CCCCCCCCCO,1
538,CCOC(=O)CC#N,1
539,Cc1cc(N)ccc1N,0
540,O=C(O)CCP(=O)(O)c1ccccc1,0
541,CC1(C)CC(=O)CC(C)(C#N)C1,0
542,NCCNCCS(=O)(=O)O,0
543,Cc1ccc(C)c(O)c1,0
544,c1ccc(Nc2ccccc2)cc1,0
545,C1N2CN3CN1CN(C2)C3,1
546,O=Cc1cccc(Oc2ccccc2)c1,0
547,C/C=C/CC#N,1
548,C=C(C)C(=O)OCCO,1
549,CC(=O)OC1CC2CCC1(C)C2(C)C,1
550,CC(=O)CC(=O)Nc1ccc(-c2ccc(NC(=O)CC(C)=O)c(C)c2)cc1C,0
551,COC(=O)CCC(=O)OC,1
552,C#CC1(OC(N)=O)CCCCC1,1
553,CC(C)N=O,0
554,CCC(O)c1ccccc1,1
555,Cc1cn(-c2cc(N)cc(C(F)(F)F)c2)cn1,0
556,BrC(Br)Br,0
557,O=[SH](=O)CO,1
558,COc1ccc(CC#N)cc1OC,1
559,Nc1c(Cl)cc([N+](=O)[O-])cc1[N+](=O)[O-],0
560,CC(C#N)c1cccc(C(=O)c2ccccc2)c1,1
561,CCC(C=O)CCC1CC=C(C)C1(C)C,0
562,O=C=Nc1ccc(Cl)c(C(F)(F)F)c1,0
563,CC(C)OC(=O)OOC(C)(C)C,0
564,CCc1cc(C(C)(C)C)c(O)c(C(C)(C)C)c1,0
565,CC(=O)C1C(=O)C=C(C)OC1=O,1
566,OCC(O)COCC(O)CO,0
567,O=C1N=C(c2ccc(-c3ccccc3)cc2)C2C(=O)NC(c3ccc(-c4ccccc4)cc3)=C12,0
568,Cc1c(Cl)cccc1Cl,0
569,c1ccc2sc(SN(C3CCCCC3)C3CCCCC3)nc2c1,0
570,C=CC(=O)OCC(CC)(COC(=O)C=C)COC(=O)C=C,0
571,CC(C)OC(=O)OC(C)Cl,1
572,O=C(c1ccc(F)cc1)c1ccc(F)cc1,0
573,CS(=O)(=O)c1ccc(C(=O)O)c([N+](=O)[O-])c1,0
574,C=CC(=O)OCC(C)C,1
575,CCC(C)(O)CCCC(C)C,1
576,O=[N+]([O-])N1CN([N+](=O)[O-])CN([N+](=O)[O-])CN([N+](=O)[O-])C1,0
577,Cn1c(=O)c2c(ncn2C)n(C)c1=O,1
578,CCCCCCOCCO,1
579,O=[N+]([O-])c1cc(Cl)ccc1Cl,0
580,CC1OC(OC2C(Oc3cc(O)c(C(=O)CCc4ccc(O)cc4)c(O)c3)OC(CO)C(O)C2O)C(O)C(O)C1O,1
581,Nc1ccc(Cl)c(Cl)c1,0
582,OCCN1CN(CCO)CN(CCO)C1,1
583,O=[N+]([O-])c1cccc([N+](=O)[O-])c1,0
584,CC(COC(=O)c1ccccc1)OC(=O)c1ccccc1,1
585,C=CCC1=C(C)C(OC(=O)C2C(C=C(C)C)C2(C)C)CC1=O,0
586,COc1cc(OC)nc(NC(=O)NS(=O)(=O)c2ncccc2OCC(F)(F)F)n1,0
587,ClCCCN1CCN(c2cccc(Cl)c2)CC1,0
588,CC(C)(C)OOC(C)(C)c1ccc(C(C)(C)OOC(C)(C)C)cc1,0
589,CC1CC(=O)CC(C)(C)C1,0
590,CC(C)(c1ccccc1)C(C)(C)c1ccccc1,0
591,Cc1ccc(O)c(-n2n3c4ccccc4n23)c1,0
592,BrC1CCC(Br)C(Br)CCC(Br)C(Br)CCC1Br,0
593,CCCCN(CC)C(=O)SCCC,1
594,NNC(N)=O,0
595,O=C1CCC(=O)N1Br,0
596,O=C1c2c(Br)c(Br)c(Br)c(Br)c2C(=O)N1CCN1C(=O)c2c(Br)c(Br)c(Br)c(Br)c2C1=O,0
597,Nc1ccc(CCNCC(O)c2ccccc2)cc1,0
598,CCCCC(CC)COP(=O)(Oc1ccccc1)Oc1ccccc1,0
599,O=C1CCCCO1,1
600,C[Si](C)(C)N[Si](C)(C)C,0
601,O=C(CCc1ccc(O)cc1)Nc1ccccc1C(=O)O,1
602,O=NN(c1ccccc1)c1ccccc1,0
603,C=CC(=O)NCOCCCC,1
604,O=S1(=O)CCCC1,0
605,O=Cc1cccc2c1OC(F)(F)O2,0
606,Cc1cc(Cl)ccc1OCC(=O)O,0
607,c1ccc(-c2nnc(-c3ccc(-c4nnc(-c5ccccc5)c(-c5ccccc5)n4)cc3)nc2-c2ccccc2)cc1,0
608,CNCC(=O)O,1
609,CC(C)C(=O)c1ccccc1,1
610,C=CCOC(=O)CCC1CCCCC1,1
611,O=S(=O)(c1ccc(O)cc1)c1ccc(O)cc1,0
612,CC(=O)OC1(C(C)=O)CCC2C3C=C(Cl)C4=CC(=O)CC(CCl)C4(C)C3CCC21C,0
613,CC(C)(C)c1cc(Cc2cc(C(C)(C)C)c(O)c(C(C)(C)C)c2)cc(C(C)(C)C)c1O,0
614,CCC(C)c1cc([N+](=O)[O-])cc([N+](=O)[O-])c1O,0
615,O=S(O)c1ccccc1,0
616,CC(=O)C1CCOC1=O,1
617,CC(C)C1OCCN1CCO,1
618,CC(C)CC(=O)CC(C)C,1
619,CCCCCCCCCCCC(=O)N(CCO)CCO,1
620,Cc1cc(C)c(N)c(Cl)c1,0
621,C=C(C)C1CC=C(C)C(=O)C1,1
622,CCCCCCO,1
623,CCCCC(CC)COC(=O)CC#N,1
624,CCC,1
625,CNC(=O)Oc1c(C(C)(C)C)cc(C)cc1C(C)(C)C,0
626,COc1cccc(N)c1,0
627,On1ccccc1=S,1
628,Oc1ccncc1,1
629,CCC(C)(C)c1ccccc1,0
630,CC(=O)OCC(CO)OC(C)=O,1
631,CC(C)(C)O,0
632,O=c1oc(-c2ccc(-c3nc4ccccc4c(=O)o3)cc2)nc2ccccc12,0
633,C=CCCCCCCCCCCCCCC,1
634,Oc1ccc(Cl)cc1Cl,0
635,Clc1ccc(C(Cl)(Cl)Cl)cc1Cl,0
636,CC1CC(NC(N)=O)NC(=O)N1,0
637,CC(C)(c1ccccc1)c1ccc(O)cc1,0
638,CCOP(c1ccccc1)c1ccccc1,0
639,CCCSP(=O)(OCC)Oc1ccc(Br)cc1Cl,0
640,C=Cc1ccccc1,1
641,CCOP(=S)(Oc1ccc(Cl)cc1Cl)c1ccccc1,0
642,CC/C=C/CCOC(C)=O,1
643,Brc1ccc(Br)cc1,0
644,NC(N)=S,0
645,C[N+](C)=CCC(O)CC(N)=O,1
646,CC(C)CC1(C)OCC(CO)O1,0
647,S=C1NCCN1,0
648,O=[N+]([O-])C(Cl)(Cl)Cl,0
649,O=c1[nH]cccc1O,0
650,C=C(C)C(=O)OCCNC(C)(C)C,1
651,Cc1c(Br)c(Br)c(Br)c(Br)c1Br,0
652,CC(C)[N+](=O)[O-],0
653,CC1(C)CC(N)CC(C)(C)N1,0
654,O=C1N=C(c2ccccc2)C2C(=O)NC(c3ccccc3)=C12,0
655,CCC(Oc1ccc(C(C)(C)CC)cc1C(C)(C)CC)C(=O)Nc1ccc(NC(=O)C(F)(F)C(F)(F)C(F)(F)F)c(O)c1,0
656,OCCOCCOc1ccccc1,1
657,CCCCCOC(=O)CC,1
658,CC(C)Oc1cc(-n2nc(C(C)(C)C)oc2=O)c(Cl)cc1Cl,0
659,CCCCCCC(O)CCCCCCCCCCC(=O)O,1
660,CN(C)C(=S)SSC(=S)N(C)C,0
661,C=C(C)CCl,1
662,CC(CC(=O)OOC(=O)CC(C)CC(C)(C)C)CC(C)(C)C,0
663,O=c1ccc2ccccc2o1,1
664,O=C1OC(C(O)CO)C(=O)C1OP(=O)(O)O,1
665,CC(C)Cl,1
666,CC(CO)(CO)C(=O)O,1
667,Cc1ccc(Cl)c(O)c1,0
668,CCC/C=C(\C=O)CC,1
669,CC(C)(C)OC(=O)N1CC(=O)C1,0
670,FC(F)(F)C(F)(F)C(F)(F)C(F)(F)C1(F)OC(F)(F)C(F)(F)C1(F)F,0
671,O=C(O)C(O)C(O)C(O)C(O)CO,1
672,CC1CCC(C(C)C)C(O)C1,0
673,CC(=O)OCCC(C)OC(C)=O,1
674,Oc1c(Cl)cc(Cl)c2ccccc12,0
675,CCCCCCC(=O)OCC(C)(C)CO,1
676,OCC#CCO,1
677,O=C1CCCCCN1C(=O)c1cccc(C(=O)N2CCCCCC2=O)c1,1
678,CC12CCC(=O)C=C1CCC1C2CCC2(C)C1CCC2(O)CCCO,0
679,C=Cc1ccc(S(=O)(=O)O)cc1,0
680,Cc1ccc(C)c2ccccc12,0
681,CP(=O)(O)CCC(N)C(=O)O,1
682,CCCCOC(=O)c1ccccc1C(=O)OCc1ccccc1,1
683,Clc1ccccc1Cl,0
684,COc1c(N)cccc1[N+](=O)[O-],0
685,CCOC(=O)c1ccccc1C(=O)OCC,1
686,Nc1ccc([N+](=O)[O-])cc1[N+](=O)[O-],0
687,N#CC(=C1CCCCC1)c1ccccc1,0
688,Cc1c(Cc2cc(C(C)(C)C)c(O)c(C(C)(C)C)c2)c(C)c(Cc2cc(C(C)(C)C)c(O)c(C(C)(C)C)c2)c(C)c1Cc1cc(C(C)(C)C)c(O)c(C(C)(C)C)c1,0
689,Oc1cccnc1,1
690,CC(C)(O)C(=O)c1ccc(C2(C)CC(C)(C)c3cc(C(=O)C(C)(C)O)ccc32)cc1,0
691,C#CC1(O)CCC2C3CCC4=CC(=O)CCC4(C)C3CCC21C,0
692,CC1C(C)(C)C2=C(c3ncncc3CC2)C1(C)C,0
693,CNC,1
694,COC(=O)C1CCCO1,1
695,CCCCCCCC,1
696,CCCOC(=O)N1CCNCC1,1
697,O=Nc1c(O)ccc2ccccc12,0
698,FC(F)(F)N1C(F)(F)C(F)(F)OC(F)(F)C1(F)F,0
699,c1ccoc1,0
700,COc1ccc(C(=O)Nc2ccc(C3N=NC(=O)CC3C)cc2N)cc1,1
701,CC(C)CC(C)(O)C#CC(C)(O)CC(C)C,0
702,CCCCCCCCCCCCCCCCCCOP1OCC2(CO1)COP(OCCCCCCCCCCCCCCCCCC)OC2,1
703,CCCCCCCCCCCCCCCCCCCCCCCCCCCCCCCC,1
704,CC(=O)NCCNC(C)=O,1
705,Cc1[nH]c(=O)n(C(C)(C)C)c(=O)c1Cl,0
706,O=c1oc(=O)c2cc3c(=O)oc(=O)c3cc12,1
707,C#CCO,1
708,CCOC(=S)S,1
709,OC(c1ccccc1)(c1ccccc1)C1CCNCC1,0
710,CCCCCl,0
711,Cn1c(N)cc(=O)n(C)c1=O,0
712,NC(=O)c1cccnc1,1
713,ClCBr,0
714,CC(=O)Nc1cc(N)c(S(=O)(=O)O)cc1/N=N/c1ccc(S(=O)(=O)CCOS(=O)(=O)O)cc1,0
715,OCCNCO,1
716,CCCCOP(=O)(OCCCC)OCCCC,1
717,COc1ccccc1OC,1
718,Nc1ccc(-c2ccc(N)c(Cl)c2)cc1Cl,0
719,CCN(CC)c1ccc(C(=O)c2ccccc2C(=O)O)c(O)c1,0
720,Nc1c(Br)cc2c(c1Br)Cc1ccccc1-2,0
721,CCN(CC)c1nc(Nc2ccc(/C=C/c3ccc(Nc4nc(Nc5cc(S(=O)(=O)O)ccc5S(=O)(=O)O)nc(N(CC)CC)n4)cc3S(=O)(=O)O)c(S(=O)(=O)O)c2)nc(Nc2cc(S(=O)(=O)O)ccc2S(=O)(=O)O)n1,0
722,Clc1cc(C(Cl)(Cl)Cl)cc(Cl)c1Cl,0
723,CC(C)(C)c1cc(CCC(=O)OCC(COC(=O)CCc2cc(C(C)(C)C)c(O)c(C(C)(C)C)c2)(COC(=O)CCC2CC(C(C)(C)C)C(O)C(C(C)(C)C)C2)COC(=O)CCC2CC(C(C)(C)C)C(O)C(C(C)(C)C)C2)cc(C(C)(C)C)c1O,0
724,CC(C)(C)C(C(=O)OC(CCC=O)N1CCC(C(O)(c2ccccc2)c2ccccc2)CC1)c1ccccc1,0
725,CCc1cccc(CC)c1,0
726,CC/C=C(\C)C(O)CCCCC,1
727,ClC1=C(Cl)C2(Cl)C3C4C=CC(C4)C3C1(Cl)C2(Cl)Cl,0
728,CCC12COCN1COC2,0
729,N#CCNc1ccccc1,0
730,Clc1cnc(Cl)c(Cl)c1,0
731,O=CC(=O)O,1
732,CCCCCCCCCCCO,1
733,O=NN(O)C1CCCCC1,0
734,CCCCCCCCCCC(CCCCCCCC)COC(=O)CCCCCCCC(=O)OCC(CCCCCCCC)CCCCCCCCCC,1
735,Brc1c(Br)c(Br)c(CCc2c(Br)c(Br)c(Br)c(Br)c2Br)c(Br)c1Br,0
736,CC(O)CC(C)O,1
737,CC(C)(C=O)CN1CCOCC1,0
738,CC(C)(C)c1cc(-n2nc3ccccc3n2)c(O)c(C(C)(C)C)c1,0
739,CCOC(=O)C(=O)OCC,1
740,CNC(=O)c1cc(Oc2ccc(NC(=O)Nc3ccc(Cl)c(C(F)(F)F)c3)c(F)c2)ccn1,0
741,O=[N+]([O-])c1c(Cl)cc(Cl)cc1Cl,0
742,CS(=O)(=O)O,1
743,CC(=O)c1ccccc1,1
744,Oc1ccc(Cl)c(O)c1,0
745,C=CCCCC(C)C,1
746,CC1(C)CC(NCCCCCCNC2CC(C)(C)NC(C)(C)C2)CC(C)(C)N1,0
747,CCCCCCCCCCCC[N+](C)(C)Cc1ccccc1,0
748,O=C1N=C(c2ccc(Cl)cc2)C2C(=O)NC(c3ccc(-c4ccccc4)cc3)=C12,0
749,CCCCCCCCCCCCCCCCCCC#N,1
750,C(=NC1CCCCC1)=NC1CCCCC1,0
751,CC1C(C)(C)C2=C(C(=O)CCC2)C1(C)C,0
752,CN(C)CCCN(C)CCCN(C)C,0
753,COC(=O)CCc1cc(-n2nc3ccccc3n2)c(O)c(C(C)(C)C)c1,0
754,CCCCCCCCCCCC(=O)OC,1
755,CC(=O)N(C)c1ccccc1,0
756,CN(C/C=C/C#CC(C)(C)C)Cc1cccc2ccccc12,0
757,CC(=O)Oc1cccc2cc3cccc(OC(C)=O)c3c(OC(C)=O)c12,0
758,CC(=O)CCC(C)C,1
759,Clc1ccc(C(Cl)c2ccccc2)cc1,0
760,O=C1OC(=O)c2ccc(Cl)c3c(Cl)ccc1c23,0
761,CCNc1nc(NC(C)(C)C)nc(SC)n1,0
762,Oc1c(Cl)cccc1Cl,0
763,CN(C)C=O,0
764,CC(=O)OC1CCC(C(C)(C)C)CC1,1
765,CCCCCCC(C)Nc1ccc(Nc2ccccc2)cc1,0
766,CC(O)CN(CCN(CC(C)O)CC(C)O)CC(C)O,0
767,CC(C)Br,1
768,COc1cc(-c2cc(OC)cc(C(C)(C)C)c2O)c(O)c(C(C)(C)C)c1,0
769,CCNc1nc(Cl)nc(NCC)n1,0
770,CC(C)COC(=O)c1ccccc1C(=O)OCC(C)C,1
771,CC(C)COP(=S)(OCC(C)C)SCC(C)C(=O)O,0
772,Nc1cccc2c(N)cccc12,0
773,CCCOC(C)=O,1
774,CCC(=O)CC,1
775,CC1CCC(C(C)C)C(C(=O)NCCc2ccccn2)C1,0
776,CCCCCCCCCCCCCCCC(=O)OCC(CC)CCCC,1
777,C=C(C)C(=O)OCC(C)O,1
778,CC(=O)COc1c(C)cccc1C,1
779,CCOc1ccccc1OCC,0
780,COC(C)(C)C,0
781,N#CNC(=N)N,0
782,Cc1ccc2[nH]c3cc4c(=O)c5cc(C)ccc5[nH]c4cc3c(=O)c2c1,0
783,Cc1ccc(N)c(C)c1,0
784,O=[N+]([O-])c1ccc(Cl)cc1,0
785,c1ccc2c(c1)sc1ccccc12,0
786,CCCCCCCCCCO,1
787,CNc1ccccc1,0
788,CC(CCO)CCO,1
789,CC12CCC3C(CCC4=CC(=O)CCC43C)C1CCC2=O,1
790,CO[PH](=O)OC,0
791,O=C1CCCCC(=O)OCCOCCO1,1
792,CC/C(C)=N/O[Si](C)(O/N=C(\C)CC)O/N=C(\C)CC,0
793,CCCCCCCCCCCCCCCCOC(=O)Oc1c(Cl)cc(C(=O)OCC)cc1Cl,0
794,Cc1ccc(C(C)C)cc1,1
795,CC(Cl)CCl,0
796,CNc1ccc(C(=O)O)cc1,0
797,CCOc1ccc(NC(=O)C(/N=N/c2ccc(-c3ccc(/N=N/C(C(C)=O)C(=O)Nc4ccc(OCC)cc4)c(Cl)c3)cc2Cl)C(C)=O)cc1,0
798,Nc1cc(S(=O)(=O)O)c(O)c2c1C(=O)c1c(O)c(S(=O)(=O)O)cc(N)c1C2=O,0
799,C=CCCC1CCC(C2CCC(c3ccc(C)cc3)CC2)CC1,0
800,C=COCCOCCOC(=O)C=C,1
801,CC=C(C)C,0
802,CN(C)S(=O)(=O)N(SC(F)(Cl)Cl)c1ccccc1,0
803,CC(C)NO,0
804,COc1ccc(C(C)N)cc1,0
805,Cc1cc(C)c(C(=O)P(=O)(C(=O)c2c(C)cc(C)cc2C)c2ccccc2)c(C)c1,0
806,Oc1ccccc1Cc1ccccc1O,0
807,ClC(c1ccccc1)(c1ccccc1)c1ccccc1,0
808,CCCCCCCCCCCCCCCCBr,1
809,O=C(O)c1cccc(Cl)n1,0
810,CC(C)(OO)c1ccccc1,0
811,C=C(C)C(=O)OCCN=C=O,1
812,COC(=O)C(N)CO,1
813,C=CS(=O)(=O)CCOCCNc1nc(F)nc(Nc2ccc(N/N=C3/C(=N)C(S(=O)(=O)O)=CC4=CC(S(=O)(=O)O)=CC(=O)C43)c(S(=O)(=O)O)c2)n1,0
814,CC(O)CNCC(C)O,1
815,CCCCCCCCCCCCCC(=O)Oc1ccccc1C(c1ccccc1)c1ccccc1OC(=O)CCCCCCCCCCCCC,0
816,O=P(O)(O)CN(CCN(CP(=O)(O)O)CP(=O)(O)O)CCN(CP(=O)(O)O)CP(=O)(O)O,0
817,COCc1ccc(C=O)o1,0
818,c1cc(N(CC2CO2)CC2CO2)ccc1OCC1CO1,0
819,CC(C)(CC(=O)C1CC1)OC(=O)Cc1ccccc1,0
820,CC1(C)C(=O)N(CO)C(=O)N1CO,1
821,COc1cccc(C(=O)O)c1,1
822,CS(=O)(=O)OCC1COC(Cn2cncn2)(c2ccc(Cl)cc2Cl)O1,0
823,CCO[P+](=O)OCC,0
824,Cc1ccccc1OP(=O)(Oc1ccccc1C)Oc1ccccc1C,1
825,CCCCCCCC(=O)Oc1c(Br)cc(C#N)cc1Br,1
826,C=COC(=O)CCCCCCCCCCC,1
827,CC(=O)C(/N=N/c1ccc(-c2ccc(/N=N/C(C(C)=O)C(=O)Nc3ccccc3)c(Cl)c2)cc1Cl)C(=O)Nc1ccccc1,0
828,C1OCOCO1,0
829,CC(C)CO,1
830,Cc1ccc2nc3sc(=O)sc3nc2c1,0
831,CC12CCC(CC1=O)C2(C)C,1
832,Clc1c(Cl)c(Cl)c(-c2c(Cl)c(Cl)c(Cl)c(Cl)c2Cl)c(Cl)c1Cl,0
833,CCN(C)C,1
834,CC(C)CCCC(C)CCCC(C)CCCCC(C)CCCC(C)CCCC(C)C,0
835,Nc1cc(Cl)c(Cl)cc1S(=O)(=O)O,0
836,O=C1Cc2cccc(F)c2N1,1
837,Brc1ccc(-c2ccc(Br)cc2)cc1,0
838,O=C/C=C/c1ccccc1,1
839,N=C1C=CC2=CC(S(=O)(=O)O)=CC(=O)C2/C1=N\Nc1ccc(Nc2nc(NCCS(=O)(=O)O)nc(N(CCO)CCO)n2)cc1S(=O)(=O)O,0
840,COc1nc(OC)nc(C2C(=O)Nc3c(F)cccc32)n1,0
841,C=COC(C)=O,1
842,O=C(CCS)OCC(COC(=O)CCS)(COC(=O)CCS)COC(=O)CCS,0
843,CC(C)(C)c1ccc(OC(=O)c2cc(C(C)(C)C)c(O)c(C(C)(C)C)c2)c(C2C(=O)Oc3ccc(C(C)(C)C)cc32)c1,0
844,CCCCCCC,1
845,N#Cc1c(Cl)cccc1Cl,0
846,Nc1ccc(C(=O)O)cc1,1
847,Cc1ccc(C#N)c(O)n1,1
848,Nc1nnc(S)[nH]1,0
849,CCC(C)(C)C(=O)Cl,0
850,O=C(O)c1cccc(O)c1,1
851,BrCCBr,0
852,NCC1CCCC(CN)C1,0
853,NC(CC(=O)O)C(=O)O,1
854,COc1cccc2ccccc12,0
855,CCCCCCCC/C=C/CCCCCCCC(=O)N(C)CC(=O)O,1
856,Cc1cc(O)ccc1Cl,0
857,CNN,0
858,O=CC=O,1
859,Cc1ccn2nc(S(=O)(=O)Nc3c(F)cccc3F)nc2n1,0
860,CC(C)(C)NSc1nc2ccccc2s1,0
861,CC(C)=CCCC(C)CC#N,1
862,O=[N+]([O-])c1ccc(Oc2ccc(Cl)cc2Cl)cc1,0
863,N#CN=C(N)N,0
864,O=C1NC(=O)C2CC=CCC12,0
865,CN(C)CCCNCCCN(C)C,0
866,Cc1ccccc1,1
867,CC12C=CC(=O)C=C1CCC1C2CCC2(C)C(O)CCC12,0
868,O=c1[nH]c(=O)[nH]c(=O)[nH]1,0
869,Cc1ccccc1C(C)C,0
870,Cc1ccc(O)cc1Cl,0
871,CC(C)(c1ccc(OP(=O)(Oc2ccccc2)Oc2ccccc2)cc1)c1ccc(OP(=O)(Oc2ccccc2)Oc2ccccc2)cc1,0
872,O=C(Nc1ccccc1SSc1ccccc1NC(=O)c1ccccc1)c1ccccc1,0
873,CCCCC(CC)COC(C)=O,1
874,C=C(C)C(=O)OCC(CC)CCCC,1
875,C=C(C)C(=O)OCCOCCOCCCC,1
876,C=C1C2CCC(C2)C1(C)C,0
877,Oc1cc(Cl)cc(Cl)c1,0
878,Cc1csc2c(Cl)cccc12,0
879,O=C(O)c1ccc(O)c(Cl)c1,0
880,O=C1c2ccccc2C(=O)N1CCO,0
881,CCOC(=O)c1ccc(O)cc1,1
882,CCCc1nc2c(C)cc(-c3nc4ccccc4n3C)cc2n1Cc1ccc(-c2ccccc2C#N)cc1,0
883,CCNCC(O)c1cccc(O)c1,1
884,O=C1NCCCN1,1
885,CC1=CCC2C(=O)OC(=O)C2C1,0
886,CCCOCCO,1
887,O=c1cccc[nH]1,1
888,CC(C)CC(C)Nc1ccc(Nc2ccccc2)cc1,0
889,COC(=O)CCCCCCCCC(=O)OC,1
890,F[Sn](c1ccccc1)(c1ccccc1)c1ccccc1,0
891,C[N+](=O)[O-],0
892,c1ccncc1,1
893,CCCCNC1CC(C)(C)NC(C)(C)C1,0
894,Nc1ccc(Oc2ccc(N)cc2)cc1,0
895,Cc1cccc(C)c1NC(=O)CN1CCNCC1,0
896,CC(CC=O)CC(C)(C)C,0
897,CCC(C)c1cccc(C(C)CC)c1O,0
898,NCCCC1OCC2(CO1)COC(CCCN)OC2,0
899,CCCCCCI,1
900,CCCCCCCCCCCCCCCCCC(=O)OCCOC(=O)CCCCCCCCCCCCCCCCC,1
901,Cl/C=C\CCl,0
902,O=C(c1ccccc1)c1ccc(OCC(O)COc2ccc(C(=O)c3ccccc3)c(O)c2)cc1O,0
903,C1CCOC1,1
904,CC(O)CN(C)C,1
905,C1=CCCCC1,1
906,CC(C)C=O,1
907,Nc1ccc2cc(S(=O)(=O)O)cc(O)c2c1,0
908,CCCCCCCCCCC,1
909,COC,0
910,Cc1cccc(N)c1,0
911,Cl/C=C/CCl,0
912,CC#CC,0
913,CN(CCO)S(=O)(=O)C(F)(F)C(F)(F)C(F)(F)C(F)(F)F,0
914,O=C(O)c1c(Cl)ccc(Cl)c1Cl,0
915,O=[N+]([O-])c1ccc(Cl)cc1C(F)(F)F,0
916,CCCC(O)CO,1
917,ClC1=C(Cl)C2(Cl)C3C4CC(C5OC45)C3C1(Cl)C2(Cl)Cl,0
918,Oc1cccc(Cl)c1,0
919,CC(C)(C)c1ccccc1,0
920,CCCCCCCCCCCC[N+](C)(C)CC(=O)O,1
921,CC(CC(=O)O)CC(C)(C)C,1
922,OCC(O)c1ccccc1Cl,0
923,CC(=O)OO,1
924,C=C(C)OC,0
925,CCCCCCCCSc1nc(Nc2cc(C(C)(C)C)c(O)c(C(C)(C)C)c2)nc(SCCCCCCCC)n1,0
926,CCCCCCCCCCOS(=O)(=O)O,1
927,Cc1cc(O)nc(C(C)C)n1,0
928,O=C1CCC2COC1O2,1
929,NCCCCCCCCN,1
930,CN1CCOCC1,1
931,C=COC(=O)CCCCC,1
932,CC(=O)C=C(C)C,1
933,CN(C)C(=O)Nc1cc(C(C)(C)C)on1,1
934,COC(=O)CCCC(=O)OC,1
935,CCCCCCCCCCCCCC,1
936,C=Cc1ccccc1C=C,0
937,COCCCCC(=O)c1ccc(C(F)(F)F)cc1,0
938,CCCCC/C(C=O)=C/c1ccccc1,1
939,O=C(O)/C=C/c1ccccc1,1
940,CCCCC(C=O)CC,1
941,CCN(CC)CCCNc1nc(NCCCN(CC)CC)nc(Nc2ccc(-c3ccc(Nc4nc(NCCCN(CC)CC)nc(NCCCN(CC)CC)n4)c4c3C(=O)c3ccccc3C4=O)c3c2C(=O)c2ccccc2C3=O)n1,0
942,CCCCCN1C(=O)c2ccc([N+](=O)[O-])cc2C1=O,1
943,ClCCCl,0
944,CCCCC(=O)N(Cc1ccc(-c2ccccc2-c2nnn[nH]2)cc1)C(C(=O)O)C(C)C,0
945,C1=CC2C3C=CC(C3)C2C1,0
946,CCCCCCCCCCCCN(CCCN)CCCN,1
947,C=Cc1cccc(C=C)c1,0
948,CCOC(=O)CC(SP(=S)(OC)OC)C(=O)OCC,0
949,CCOC(=O)C1OC1(C)c1ccccc1,0
950,CCCCCCCCCCCCCCCCCC(=O)N(CCO)CCO,1
951,CNC(=O)NC,0
952,CCCCCCCC[Sn]1(CCCCCCCC)OC(=O)C=CC(=O)O1,0
953,CC1(C)CC(O)CC(C)(C)N1,0
954,Clc1ccc(C(c2ccc(Cl)cc2)C(Cl)(Cl)Cl)cc1,0
955,CCCCN1CCCC1,1
956,CC12CCC(=O)C=C1CCC1C2C(O)CC2(C)C1CCC2(O)C(=O)CO,1
957,COC(=O)c1ccc(C#N)cc1[N+](=O)[O-],0
958,O=C(O)c1cccc([N+](=O)[O-])c1C(=O)O,0
959,CCCCC(CC)CNS(=O)(=O)c1ccc(N)cc1,1
960,COc1ccc2c(c1)CCCC2=O,0
961,Cc1c(NC(=O)C(C)Br)c(=O)n(-c2ccccc2)n1C,0
962,O=C(Cl)c1ccccc1,1
963,c1ccc(-c2cc3ccccc3[nH]2)cc1,0
964,CCCCCCBr,0
965,CC(C)(O)C(=O)c1ccc(OCCO)cc1,0
966,c1ccc2cc3c(cc2c1)-c1cccc2cccc-3c12,0
967,COc1ccc2cccc(CC#N)c2c1,0
968,COc1ccc(C(=O)O)cc1,1
969,NC(=O)c1ccccc1O,1
970,CC1=CCC(C)C(C)C1=O,0
971,CC12CCC(CC1)C(C)(C)O2,1
972,Cc1cn[nH]c1,0
973,Clc1cc(Cl)c(Cl)nc1Cl,0
974,CC1=NN(c2ccccc2)C(=O)C1/N=N/c1ccccc1,0
975,C/C=N\C=O,0
976,O=C1C(Cl)=C(Cl)C(=O)c2ccccc21,0
977,Cc1ccc(O)c([N+](=O)[O-])c1,0
978,O=P(O)(O)CN(CCCCCCN(CP(=O)(O)O)CP(=O)(O)O)CCCCCCN(CP(=O)(O)O)CP(=O)(O)O,0
979,CC(=O)OCC(=O)C1(O)CCC2C3CCC4=CC(=O)CCC4(C)C3C(O)CC21C,1
980,O=CO,1
981,CCCCOCCOCCOCOCCOCCOCCCC,0
982,C(CCOCC1CO1)COCC1CO1,0
983,CC(=O)c1ccc(C)cc1,1
984,CCCCCCCCCCCCCCCCCCCCCCCCCCCCCCCCCC,1
985,Sc1nc2ccccc2s1,0
986,O=C(CBr)OC/C=C/COC(=O)CBr,0
987,Cc1ncoc1C(N)=O,0
988,CCCCCOC1OC(C)C(O)C(O)C1O,1
989,CC(C)(Br)C(=O)Br,1
990,CC(C)CCCCCCCOC(=O)CC(C(=O)OCCCCCCCC(C)C)S(=O)(=O)O,1
991,CCCCc1nc(Cl)c(CO)n1Cc1ccc(-c2ccccc2-c2nnn[nH]2)cc1,0
992,Clc1ccc2nc(Cl)oc2c1,0
993,CCCCCCCCCC,1
994,C=CC1CCC2OC2C1,0
995,ClCCCCCCCl,0
996,O=C(O)CN(CCN(CC(=O)O)CC(=O)O)CC(=O)O,0
997,C=CC(=O)O,1
998,CCCCC(Cc1cc(C(C)(C)C)c(O)c(C(C)(C)C)c1)(C(=O)OC1CC(C)(C)N(C)C(C)(C)C1)C(=O)OC1CC(C)(C)N(C)C(C)(C)C1,0
999,CCCCCCCC/C=C/CCCCCCCCCCCC(N)=O,1
1000,COC(=O)c1sc(N)c(C#N)c1C,0
1001,O=c1[nH]c2ccccc2[nH]1,0
1002,Nc1cccc2cccc(N)c12,0
1003,CC12CCC(=O)C=C1CCC1C2CCC2(C)C1CCC21CCC(=O)O1,0
1004,Oc1ccc(-c2ccc(O)cc2)cc1,0
1005,CC(C)c1cc(C(C)C)c2cccc(C(C)C)c2c1,0
1006,CC(C)(/N=N/C(C)(C)C(=N)N)C(=N)N,0
1007,CC12CC=C3C4=C(CCC3C1CCC2=O)CC1(CC4)OCCO1,0
1008,O=[N+]([O-])c1ccccc1O,0
1009,O=C1CCCN1CCO,1
1010,OCC1CO1,1
1011,Cc1cc(C)c(O)c(C(C)(C)C)c1,0
1012,CCOC(=O)C(C)(C)Br,1
1013,COC(C)COC(C)CO,1
1014,Cc1c(Cc2cc(C(C)(C)C)c(O)c(C(C)(C)C)c2)c(C)c(CC2CC(C(C)(C)C)C(O)C(C(C)(C)C)C2)c(C)c1Cc1cc(C(C)(C)C)c(O)c(C(C)(C)C)c1,0
1015,Nc1ccc(O)c(Cc2cc(N)ccc2O)c1,0
1016,Ic1cccc2ccccc12,1
1017,O=[N+]([O-])c1ccc(OP(=S)(Oc2ccc([N+](=O)[O-])cc2)Oc2ccc([N+](=O)[O-])cc2)cc1,0
1018,CCCCCCCCCCCCCC(=O)OC(C)C,1
1019,c1ccc2sc(SSc3nc4ccccc4s3)nc2c1,0
1020,O=C(O)c1ccc2ccccc2n1,1
1021,Nc1c(S(=O)(=O)O)cc(S(=O)(=O)O)c2cccc(O)c12,0
1022,C=CCOCC1CO1,0
1023,CC1CC(OC(=O)c2ccccc2O)CC(C)(C)C1,0
1024,CC(=O)c1c(O)oc(C)cc1=O,1
1025,Cc1ccc(/N=N/c2c(N)nc(N)nc2O)c(S(=O)(=O)O)c1,0
1026,Cc1cccc(C)c1O,0
1027,CCOP(=O)(OCC)OCC,0
1028,COCCO,1
1029,Nc1nc(N)nc(Nc2nc(N)nc(N)n2)n1,0
1030,O=C1NC(=O)C(c2ccc(O)cc2)N1,0
1031,O=C(O)CCCCCCCCCCCCCCCCC(=O)O,1
1032,c1ccc(CCCc2ccncc2)cc1,0
1033,O=c1[nH]c2ccccc2c(=O)o1,1
1034,CS(=O)(=O)Cl,1
1035,C=CC(OC(C)=O)OC(C)=O,1
1036,O=[N+]([O-])c1cc(Cl)cc(Cl)c1O,0
1037,C#CC(C)(C)C,1
1038,O=C(O)c1cccc([N+](=O)[O-])c1,0
1039,Cc1cc(N)ccc1Cl,0
1040,FC1CC(F)(F)C(F)(F)C1(F)F,0
1041,CC(C)(C)OC(=O)OC(=O)OC(C)(C)C,1
1042,CC(=O)OC(C)C,1
1043,OCCCO,1
1044,CCCC(C)C(=O)O,1
1045,Cc1ccc([N+](=O)[O-])c(O)c1,0
1046,CC(CCC(=O)O)C1CCC2C3C(O)CC4CC(O)CCC4(C)C3CCC12C,0
1047,CON,1
1048,COC(=O)CN(CC(=O)OC)c1cc(NC(C)=O)c(/N=N/c2c(Br)cc([N+](=O)[O-])cc2[N+](=O)[O-])cc1OC,0
1049,O=c1ccc(=O)[nH][nH]1,0
1050,CC(C)(C)c1ccc(C(=O)O)cc1,0
1051,COC(=O)c1nccnc1N,0
1052,CCCCC(CC)COC(=O)CCC,1
1053,CC(C)(C#N)/N=N/C(C)(C)C#N,0
1054,C=C(C)c1ccc(Cl)cc1,0
1055,CC(CC(C)(C)C)CP(=O)(O)CC(C)CC(C)(C)C,0
1056,CCCCC(CC)COC(=O)C(C#N)=C(c1ccccc1)c1ccccc1,0
1057,CCCCCCCCCCCCCCCCCCOS(=O)(=O)O,1
1058,CC(N)=S,0
1059,CCCCOC(=O)CSCSCC(=O)OCCCC,0
1060,CC(O)C(=O)N(C)C,1
1061,Cc1ccc(O)c(-n2nc3ccccc3n2)c1,0
1062,O=P(Oc1ccccc1)(Oc1ccccc1)OC1COC2C(OP(=O)(Oc3ccccc3)Oc3ccccc3)COC12,0
1063,CCOC(=O)OCC,1
1064,ClC(Cl)(Cl)C(Cl)(Cl)Cl,0
1065,O=P(OCCCl)(OCCCl)OCCCl,0
1066,C=CC#N,1
1067,O=[N+]([O-])c1ccccc1[N+](=O)[O-],0
1068,CCCCC(CC)COC(=O)CSCC(=O)OCC(CC)CCCC,1
1069,c1ccc(Nc2cccc3ccccc23)cc1,0
1070,COc1cc(C)cc(OC)c1OC,1
1071,COC(=O)CC(=O)OC,1
1072,CCCCCCCC1CCC(=O)O1,1
1073,C=C(C)C1CCC(C)CC1,1
1074,Cc1ccccc1NC(=N)Nc1ccccc1C,0
1075,CNC(=O)Oc1cccc(C)c1,0
1076,CC(C)(C)c1cccc(C(C)(C)C)c1O,0
1077,Cl/C=C\Cl,0
1078,CN(C)N=O,0
1079,C=CC,0
1080,C1C2CC3CC1CC(C2)C3,0
1081,CN(C)c1ccc(C2(c3ccc(N(C)C)cc3)OC(=O)c3cc(N(C)C)ccc32)cc1,0
1082,O=C(Nc1ccccc1)Nc1ccccc1NS(=O)(=O)c1ccccc1,0
1083,CCCCCCCCCCCC,1
1084,CC(CCl)OP(=O)(OCCOCCOP(=O)(OC(C)CCl)OC(C)CCl)OC(C)CCl,0
1085,CCCCC(CC)C(=O)Cl,1
1086,COc1ccc(Nc2ccc(OC)cc2)cc1,0
1087,CC(C)CC(C)(C)C,0
1088,C=CC(=O)OCCN(C)S(=O)(=O)C(F)(F)C(F)(F)C(F)(F)C(F)(F)F,0
1089,CN(C)CCO,1
1090,c1ccc2sc(SNC3CCCCC3)nc2c1,0
1091,Cc1cccc(OP(=O)(Oc2cccc(C)c2)Oc2cccc(C)c2)c1,0
1092,CC1COc2ccccc2N1C(=O)C(Cl)Cl,0
1093,CCC(C)C1CCCc2cccnc21,0
1094,CCCCCCCC/C=C/CCCCCCCC(=O)OCC(O)CO,1
1095,CCCCCCCCCCCCCCCS(=O)(=O)O,1
1096,Clc1ccc(Cl)cc1,0
1097,CCCCOCCOCCOC(=O)CCCCC(=O)OCCOCCOCCCC,1
1098,CC1(C)OC(c2ccco2)CN1C(=O)C(Cl)Cl,0
1099,C1CCC2=NCCCN2CC1,0
1100,CC(C)(C)CC(C)(C)N,0
1101,Cc1cccc(CC(C)(C)CO)c1,0
1102,CCCCCO,1
1103,N#CN,0
1104,Cc1cc(Cc2cc(C)cc(C(C)(C)C)c2O)c(O)c(C(C)(C)C)c1,0
1105,CCCCN(CCCC)C(=S)SCSC(=S)N(CCCC)CCCC,0
1106,CCCCOC(=O)CC(CC(=O)OCCCC)(OC(C)=O)C(=O)OCCCC,0
1107,c1ccc2cc3ccccc3cc2c1,0
1108,Nc1c(/N=N/c2ccc(S(=O)(=O)CCOS(=O)(=O)O)cc2)c(S(=O)(=O)O)cc2c1C(=O)C(/N=N/c1cc(Nc3nc(F)nc(F)c3Cl)ccc1S(=O)(=O)O)C(S(=O)(=O)O)=C2,0
1109,CCCCOC(=O)CCCCC(=O)OCCCC,1
1110,CCCCCCCCCCCCO,1
1111,CC1(C)C2CCC1(C)C(O)C2,1
1112,CNC(=O)Oc1cc(C)cc(C)c1,0
1113,CC12CCC(O)CC1=CC(O)C1C2CCC2(C)C(=O)CC(O)C12,1
1114,S=C(S)N(Cc1ccccc1)Cc1ccccc1,0
1115,Cc1ncc(CO)c(C=O)c1O,1
1116,COc1ccc(OC)c(N)c1,0
1117,OCC(F)(F)C(F)(F)C(F)(F)C(F)(F)C(F)(F)C(F)(F)C(F)(F)C(F)(F)C(F)(F)C(F)F,0
1118,COc1ccc(C(=O)Nc2ccc(C(N)=O)cc2)cc1[N+](=O)[O-],0
1119,CCCCCCCCCCCCN(C)C,1
1120,CCCCC(CC)COC(=O)/C=C/C(=O)OCC(CC)CCCC,1
1121,CC(=O)OC1CC(C)OC(C)O1,1
1122,CCOC(=O)c1ccc(CC(=O)NC(CC(C)C)c2ccccc2N2CCCCC2)cc1OCC,0
1123,Cc1ccc(Cl)cc1Cl,0
1124,CCCCCCCCCCCCCCCCCC(=O)OCC(O)C1OCC(O)C1O,1
1125,CCCCOC(=O)c1ccccc1C(=O)OCCCC,1
1126,Cc1ccc(O)cc1,1
1127,O=C(c1ccc(Oc2ccccc2)cc1)c1ccc(C(=O)c2ccc(Oc3ccccc3)cc2)cc1,0
1128,COC(=O)C(N)c1ccc(O)cc1,1
1129,Oc1nc(O)nc(O)n1,1
1130,CNC(=O)Oc1ccccc1OC(C)C,0
1131,ClCc1ccc(-c2ccc(CCl)cc2)cc1,0
1132,CCOC(=O)C(C#N)C(C)=O,1
1133,O=C1c2ccccc2C(=O)N1CC1CN(c2ccc(N3CCOCC3=O)cc2)C(=O)O1,0
1134,CC(=O)OC(C)CC(C)C,1
1135,CC(C)CC(=O)O,1
1136,NS(=O)(=O)c1ccccc1C(F)(F)F,0
1137,CCC(C)C(=O)O,1
1138,O=Cc1ccccn1,0
1139,CNC(=O)Oc1ccccc1C(C)C,0
1140,S=C(SSC(=S)N(Cc1ccccc1)Cc1ccccc1)N(Cc1ccccc1)Cc1ccccc1,0
1141,O=S(=O)(O)CC(O)CNC1CCCCC1,0
1142,CCN(CC)c1ccc(/C=C2\O/C(=N\C3CCCCC3)N(C3CCCCC3)C2=O)c(OC)c1,0
1143,COc1cccc([N+](=O)[O-])c1,0
1144,CCCCCCCCc1ccc(S(=O)(=O)O)cc1,0
1145,CC(C)(C)c1cc(CO)cc(C(C)(C)C)c1O,0
1146,CCCCCCCC/C=C/CCCCCCCCO,1
1147,CC/C(C)=C/CCC(C)=O,1
1148,CC(C)(C)c1cc(-n2nc3ccc(Cl)cc3n2)c(O)c(C(C)(C)C)c1,0
1149,CNC(=O)CSP(=S)(OC)OC,0
1150,C=CCOC(=O)CCCCC,1
1151,C=CC1CCC(C2CCC(c3ccc(C)cc3)CC2)CC1,0
1152,Nc1c(I)c(C(=O)O)c(I)c(C(=O)O)c1I,0
1153,C=CCCCCO,1
1154,CC(=O)C1(O)CCC2C3C=CC4=CC(=O)C=CC4(C)C3CCC21C,1
1155,C=C(C)C(=O)OCCOP(=O)(O)OCC[N+](C)(C)C,1
1156,C=C1CCC2CC1C2(C)C,1
1157,O=C(O)c1ccc(C(=O)O)o1,1
1158,CC(Cl)(Cl)C(=O)O,0
1159,COC(=O)/C(C#N)=C/c1cccc2c1OC(F)(F)O2,0
1160,CSSC,0
1161,CC(C)(C)c1ccc(O)cc1,0
1162,C=CC(=O)OCC(C)CC,1
1163,N#CCC(=O)c1ccccc1Cl,0
1164,CCOC(=O)C(Cl)C(C)=O,1
1165,CC(Br)(CBr)COc1c(Br)cc(C(C)(C)c2cc(Br)c(OCC(C)(Br)CBr)c(Br)c2)cc1Br,0
1166,ClC(Cl)(Cl)Cl,0
1167,N#Cc1ccccc1-c1ccc(CBr)cc1,0
1168,Cc1ccc(O)c(O)c1,0
1169,CN(C)C(=O)Nc1ccc(Cl)c(Cl)c1,0
1170,CC(O)c1ccccc1,1
1171,CC1CCC(C(C)C)CC1,1
1172,Cc1ccccc1Cl,0
1173,OCC1CCCO1,1
1174,C=C(C)C(=O)OCCOCCOCCOC(=O)C(=C)C,1
1175,O=C(O)Cc1cccc2ccccc12,0
1176,CCCCN(CCCC)C(=O)N(CCCC)CCCC,0
1177,CCC(COC(=O)CC(C)CC(C)(C)C)(COC(=O)CC(C)CC(C)(C)C)COC(=O)CC(C)CC(C)(C)C,1
1178,CC(=O)OCCC1=CCC2CC1C2(C)C,1
1179,O=C(O)CS,1
1180,NC(CS)C(=O)O,1
1181,CCCCCCCCCCCCCO,1
1182,CCCCCC(=O)OC(=O)CCCCC,1
1183,CC(C)COP(=S)(S)OCC(C)C,0
1184,Cc1cc(C)c(C(=O)P(=O)(c2ccccc2)c2ccccc2)c(C)c1,0
1185,O=S(=O)(O)c1ccc(Nc2nc(Nc3ccc(/C=C/c4ccc(Nc5nc(Nc6cccc(S(=O)(=O)O)c6)nc(N(CCO)CCO)n5)cc4S(=O)(=O)O)c(S(=O)(=O)O)c3)nc(N(CCO)CCO)n2)cc1,0
1186,CON(C)C(=O)Nc1ccc(Cl)c(Cl)c1,0
1187,O=C1C=CC(=O)N1c1ccccc1,0
1188,CC(=O)CO,1
1189,O=C(Oc1cccc(O)c1)c1ccccc1,1
1190,CSc1ccc(C(=O)C(C)(C)N2CCOCC2)cc1,0
1191,CCCCCOP(=O)(OCCCCC)OCCCCC,0
1192,COCC(C)OCC(C)OC(C)CO,1
1193,OCc1ccco1,1
1194,ClC(Cl)c1ccccc1,1
1195,CC(C)(F)CC(NC(c1ccc(-c2ccc(S(C)(=O)=O)cc2)cc1)C(F)(F)F)C(=O)O,0
1196,CCC(C)OC(C)=O,1
1197,CCBr,0
1198,Br/C=C\Br,0
1199,O=[N+]([O-])c1cccc(Cl)c1,0
1200,CC(C)(C)S,0
1201,FC(F)Cl,0
1202,NC(=O)NCCO,1
1203,Cc1ccc(S(=O)(=O)NC(=O)Nc2cccc(OS(=O)(=O)c3ccc(C)cc3)c2)cc1,0
1204,NCCOCCN,0
1205,CCCCc1nc(C=O)c(Cl)[nH]1,0
1206,Cc1cc(C#N)cc(C)c1O,0
1207,CC1CC(C)C(=O)C(C(O)CC2CC(=O)NC(=O)C2)C1,0
1208,CC(C)=CCC/C(C)=C/C=O,1
1209,C[N+](C)(CCO)CCCO,1
1210,Nc1nc(-c2ccc3ccccc3c2)c(/N=N/c2cc(S(=O)(=O)O)c3cc(S(=O)(=O)O)cc(S(=O)(=O)O)c3c2)s1,0
1211,CCCCCCCCc1ccc(N)cc1,1
1212,CC12CCC(=O)C=C1CCC1C2CCC2(C)C(O)CCC12,1
1213,Cc1ccsc1,0
1214,CCCCCCSCCCCCC,0
1215,Cc1ccc([N+](=O)[O-])cc1O,0
1216,C=C(C)C#N,1
1217,NC(=O)CI,0
1218,Cc1cn(C2CC(O)C(CO)O2)c(=O)[nH]c1=O,1
1219,Oc1cccc(Cl)c1Cl,0
1220,C=CCN(CC=C)CC=C,0
1221,COC(=O)c1ccc2cc(C(=O)OC)ccc2c1,0
1222,CCCCCCCC(=O)OCC(C)(C)COC(=O)CCCCCCC,1
1223,Oc1c(Cl)cc(Cl)c(Cl)c1Cc1c(O)c(Cl)cc(Cl)c1Cl,0
1224,Cc1ccc([N+](=O)[O-])c([N+](=O)[O-])c1,0
1225,CC(O)C(C)O,1
1226,COC(=O)C(F)(F)C(F)(F)C(F)(F)OC(F)=C(F)F,1
1227,CC(F)(F)Cl,0
1228,CC/C=C/CCCCCCCC(=O)OC,1
1229,CC(C)(C)c1cc(Cn2c(=O)n(Cc3cc(C(C)(C)C)c(O)c(C(C)(C)C)c3)c(=O)n(Cc3cc(C(C)(C)C)c(O)c(C(C)(C)C)c3)c2=O)cc(C(C)(C)C)c1O,0
1230,C=COC(=O)CCl,1
1231,C=CCCCCCCCC(=O)OC,1
1232,CCC(C)c1cc(C(C)(C)C)c(O)c(C(C)(C)C)c1,0
1233,O[n+]1ccccc1S,0
1234,CCOCCO,1
1235,CCCCP(CCCC)CCCC,0
1236,CCCCCC1C(=O)CCC1C(=O)OC,0
1237,CCCCC(CC)C(=O)OCC(COC(=O)C(CC)CCCC)OC(=O)C(CC)CCCC,1
1238,CC(O)CN(CC(C)O)C(=O)CCCCC(=O)N(CC(C)O)CC(C)O,0
1239,c1ccc([Sn](c2ccccc2)(c2ccccc2)c2ccccc2)cc1,0
1240,CC(=O)OCCC(C)C,1
1241,Nc1ccc2c(c1)C(=O)c1ccccc1C2=O,0
1242,CCCN(CCC)CCC,0
1243,CC(Cl)C(=O)O,1
1244,CC12CCC3C(CCC4CC5OC5CC43C)C1CC(N1CCCC1)C2=O,1
1245,BrC1CCC(Br)C(Br)CCC1Br,0
1246,COC1OC(COS(=O)(=O)c2ccc(C)cc2)C2OC(C)(C)OC12,0
1247,O=C(O)C(=O)C(O)C(O)C(O)CO,1
1248,Oc1ccccc1Cl,0
1249,CCC(=O)CC(=O)CC,1
1250,Cc1ccc(/N=N/c2c(O)ccc3ccccc23)c([N+](=O)[O-])c1,0
1251,NC(CO)CO,1
1252,Cc1cc(C(C)(C)C)c(O)c(C(C)(C)C)c1,0
1253,C=C(Br)C(F)(F)F,0
1254,S=C=S,1
1255,COc1ccc(C=O)cc1,1
1256,CC(Cl)Cl,0
1257,CNC(=S)S,0
1258,CCCCC(CC)COC(=O)c1ccc(Nc2nc(Nc3ccc(C(=O)NC(C)(C)C)cc3)nc(Nc3ccc(C(=O)OCC(CC)CCCC)cc3)n2)cc1,0
1259,COCC(C)O,1
1260,CC(CO)Cc1ccccc1,1
1261,Nc1c(Cl)c(Cl)c(Cl)c(Cl)c1Cl,0
1262,CCC(C)c1ccccc1O,0
1263,FC(F)(F)C1(F)C(F)(F)C(F)(F)C(F)(F)C(F)(F)C1(F)C(F)(F)F,0
1264,CCC(C)c1cc(S(=O)(=O)O)cc(-n2nc3ccccc3n2)c1O,0
1265,CC(C)(C)C1CCC(OC(=O)Cl)CC1,1
1266,O=C(O)CCC(C(=O)O)N(CC(=O)O)CC(=O)O,1
1267,C=CC(=O)OCCCCCC,1
1268,Cc1ccc(O)cc1C,1
1269,Nc1ccc(Cl)cc1[N+](=O)[O-],0
1270,CCCCCCCCP(=O)(O)O,1
1271,O=C1OC(C(O)CO)C(=O)C1OC1OC(CO)C(O)C(O)C1O,1
1272,O=C1CCCCC1C1=CCCCC1,0
1273,c1ccc([Sn](c2ccccc2)c2ccccc2)cc1,0
1274,ClCCCBr,0
1275,CCCCCCCCCl,1
1276,BrCCCCCCCCCCBr,0
1277,Nc1cccc2ccccc12,0
1278,CCC(C)NC(C)CC,0
1279,CCCCC(CCCC)c1ccncc1,1
1280,CCCCC/C=C/C/C=C/CCCCCCCC(=O)O,1
1281,Cc1ccc(C(=O)CC(=O)C(F)(F)F)cc1,0
1282,C=CC(C#N)OC(C)=O,0
1283,O=C(Nc1cccc(N(CCO)CCO)c1)c1ccccc1,0
1284,c1cc(N(CC2CO2)CC2CO2)ccc1Cc1ccc(N(CC2CO2)CC2CO2)cc1,0
1285,Cc1cc(C2(c3ccc(O)c(C)c3)CCCCC2)ccc1O,0
1286,C=CC(=O)NC(C)(C)CC(C)(C)C,0
1287,CC(=O)OCC(COC(C)=O)OC(C)=O,1
1288,FC(C(F)(F)F)C(F)(F)Oc1cc(Cl)ccc1Cl,0
1289,CCCCC1COC(c2ccc(-c3ccc(-c4cc(F)c(F)c(F)c4)c(F)c3)cc2)OC1,0
1290,Cc1ccc(C)c(C(C)c2ccccc2)c1,0
1291,CCCCCCC(=O)O,1
1292,Cc1ccc(C(N)=O)cc1N,0
1293,Cc1ccccc1O,1
1294,COc1cc(NC(=O)CC#N)c(Cl)cc1Cl,0
1295,Clc1cc(Cl)cc(Cl)c1,0
1296,CC#N,1
1297,C=CC(=O)OCC(CO)(COC(=O)C=C)COC(=O)C=C,0
1298,C1CC2OC2CC1C1CO1,0
1299,CCCCCCCCCC(=O)N(CCO)CCO,1
1300,O=P(OC(CCl)CCl)(OC(CCl)CCl)OC(CCl)CCl,0
1301,CCCCC(CC)C(=O)OOC(C)(C)CCC(C)(C)OOC(=O)C(CC)CCCC,0
1302,NCCNCCO,0
1303,CCCCCCCCCCCCCCCC(=O)OCCOC(=O)CCCCCCCCCCCCCCC,1
1304,Oc1ccc(-c2ccccc2)cc1,0
1305,O=C(O)c1ccc(O)cc1,1
1306,COc1cccc(C(C)N)c1,0
1307,Oc1cc(Cl)c(Cl)cc1Cl,0
1308,NC(=O)CCN(CCO)c1nc(Nc2ccccc2)nc(Nc2ccc(/C=C/c3ccc(Nc4nc(Nc5ccccc5)nc(N(CCO)CCC(N)=O)n4)cc3S(=O)(=O)O)c(S(=O)(=O)O)c2)n1,0
1309,Cc1ccc(C(C)(C)C)cc1,0
1310,O=S(=O)(O)c1cc(Nc2nc(Nc3ccccc3)nc(N(CCO)CCO)n2)ccc1/C=C/c1ccc(Nc2nc(Nc3ccccc3)nc(N(CCO)CCO)n2)cc1S(=O)(=O)O,0
1311,CCCCCCCCCCCCCCCCCCCCC,1
1312,NCCCNCCNCCCN,1
1313,O=[N+]([O-])c1ccc2nc[nH]c2c1,0
1314,C/C=C/C(=O)O,1
1315,CC(CC(=O)OCC(COC(=O)CC(C)CC(C)(C)C)OC(=O)CC(C)CC(C)(C)C)CC(C)(C)C,0
1316,CCN(CC)CCO,0
1317,CCCCOC(=O)CC(O)(CC(=O)OCCCC)C(=O)OCCCC,0
1318,CCCCCCCCCCCCc1ccc(S(=O)(=O)O)cc1,1
1319,C=CCOC(=O)OCCOCCOC(=O)OCC=C,1
1320,BrCCCCCCBr,0
1321,Nc1ccc2c(O)cc(S(=O)(=O)O)cc2c1,0
1322,CCC(C)(C)OOC(C)(C)CC,0
1323,CC(C)(/C=N/CCCCCC/N=C/C(C)(C)CN1CCOCC1)CN1CCOCC1,0
1324,O=C(O)c1ccccc1Cl,0
1325,C=CS(=O)(=O)CCOCCNc1nc(F)nc(Nc2ccc(/N=N/c3cc4c(S(=O)(=O)O)cc(S(=O)(=O)O)cc4cc3S(=O)(=O)O)c(NC(N)=O)c2)n1,0
1326,CC(CC=O)CCCC(C)(C)O,1
1327,CCOC(=O)C(SP(=S)(OC)OC)c1ccccc1,0
1328,CNC(=O)c1cc(Oc2ccc(N)cc2)ccn1,0
1329,CCCCCCCCCCCCCCCCCCCCCCCCC,1
1330,CN(C)c1cccc(C(=O)O)c1,0
1331,c1ccc(CN2CCN(Cc3ccccc3)CCN(Cc3ccccc3)CCN(Cc3ccccc3)CC2)cc1,0
1332,CCN1CCN(CCC(=O)OCC(CC)(COC(=O)CCN2CCN(CC)CC2)COC(=O)CCN2CCN(CC)CC2)CC1,0
1333,CCOc1cc(C=O)ccc1O,1
1334,COCCOC(C)=O,1
1335,C=CC(=O)OCC[N+](C)(C)C,1
1336,O=C(Nc1ccccc1)c1cc2ccccc2cc1O,0
1337,CCCCOC(=O)NC(=S)SCCCC,0
1338,CCCCC(CC)C(=O)OOC(C)(C)C,1
1339,CC(C)=CC=C(C)C,0
1340,Cc1cccnc1,0
1341,C=C(Cl)C(=C)Cl,0
1342,CCCCOCCOCCOC(C)=O,1
1343,CC(C)C1CCC2CCCCC2C1,0
1344,CCCCCCCCCCCC(=O)OC(C)C,1
1345,CCOc1ccc2c(c1)C(C)=CC(C)(C)N2,0
1346,C=C(C)C1CCC(C)CC1O,1
1347,CCOc1ccccc1NC(=O)C(=O)Nc1ccccc1CC,0
1348,S=C(SSSSC(=S)N1CCCCC1)N1CCCCC1,0
1349,COc1cc([N+](=O)[O-])ccc1N,0
1350,CN(C)/C=C/C(=O)c1cccnc1,1
1351,CCCCCCCC/C=C/CCCCCCCC#N,1
1352,CCCCCCCC(=O)N(CCO)CCO,1
1353,Cc1ccn[nH]1,0
1354,CC(=O)Nc1ccccc1O,1
1355,CCCCCCOC(=O)c1ccccc1C(=O)c1ccc(N(CC)CC)cc1O,0
1356,COc1ccccc1OCCN,0
1357,Nc1ccc(Cl)cc1Cl,0
1358,O=Cc1ccc2c(c1)OCO2,1
1359,FCC(F)(F)F,1
1360,CC(C)CNCC(C)C,1
1361,OCC(F)(F)C(F)(F)C(F)(F)C(F)F,0
1362,CC(=O)CC(=O)Nc1ccccc1Cl,0
1363,O=C(Nc1ccc2c(O)cc(S(=O)(=O)O)cc2c1)Nc1ccc2c(O)cc(S(=O)(=O)O)cc2c1,0
1364,COCCOCCOCCO,1
1365,C/C=C/C(=O)N(CC)c1ccccc1C,0
1366,CCC(CC)CC1(C(=O)O)CCCCC1,0
1367,Nc1c(Oc2ccc(Br)cc2)cc(O)c2c1C(=O)c1ccccc1C2=O,0
1368,CCC(CO)(CO)CO,0
1369,CN1COCN=C1N[N+](=O)[O-],0
1370,O=C1NC(=O)c2cccc3cccc1c23,1
1371,CCCCCCCCc1ccc(Nc2ccc(CCCCCCCC)cc2)cc1,0
1372,CC/C=C/CCO,1
1373,Nc1cccnc1,0
1374,CC(CC(C)(C)C#N)c1ccccc1,0
1375,C=C(C)C(=O)NCCC[N+](C)(C)CC(=O)NCCC[N+](C)(C)CC(O)C[N+](C)(C)C,0
1376,CCN(CC)C(=O)c1cccc(C)c1,0
1377,CCCCCCCCSCCO,1
1378,CC(C)=CC1C(C(=O)OCc2coc(Cc3ccccc3)c2)C1(C)C,0
1379,COc1ccc(C(=O)O)cc1[N+](=O)[O-],0
1380,C=C(C)C(=O)OCCCCCCCCCCCC,1
1381,NCCCCC(N)C(=O)O,1
1382,CCCCCCCCCCCC(=O)O,1
1383,Nc1ccccc1S(=O)(=O)O,0
1384,CCCCCCCC(=O)O,1
1385,C=CC(=C)C,0
1386,ClCCOC(c1ccccc1)c1ccccc1,0
1387,Nc1nnn[nH]1,0
1388,CC(c1ccccc1)c1ccc(O)cc1O,0
1389,N=C(N)N[N+](=O)[O-],0
1390,O=c1cc[nH]cc1,1
1391,COCc1cnc(C(=O)O)c(C(=O)O)c1,0
1392,CCc1ccccc1,0
1393,CCC#CCCO,1
1394,OCCCCCCO,1
1395,Cn1c(N)c(NC=O)c(=O)n(C)c1=O,0
1396,O=[N+]([O-])c1ccc(Oc2c(Cl)cc(Cl)cc2Cl)cc1,0
1397,COC(=O)c1cccc(C(F)(F)F)c1,0
1398,C=C(C)C(=O)NCO,1
1399,O=S(=O)(O)c1ccc(Nc2nc(Cl)nc(Cl)n2)cc1,0
1400,CCCCCCCCN(CCCCCCCC)CCCCCCCC,0
1401,c1ccc(Oc2ccccc2)cc1,0
1402,CCN(CC)CCCN,1
1403,CCCCCCCCCCCCCCCCCCCC,1
1404,C=Cc1ccc(Cl)cc1,0
1405,O=C(O)C(F)(F)C(F)(F)C(F)(F)C(F)(F)C(F)(F)C(F)(F)C(F)(F)F,0
1406,S=c1[nH]c2ccccc2s1,0
1407,CCCCCCCCCCCCCCCCCCO,1
1408,CC(C)(C)c1cccc(O)c1,0
1409,CN(C)C,1
1410,CC(C)(OOC(C)(C)c1ccccc1)c1ccccc1,0
1411,CCCCCCCC(=O)N(C)C,1
1412,O=NC1CCCCC1,1
1413,Oc1cccc(Br)c1,0
1414,CCCCCC,1
1415,CCCCC1=NC2(CCCC2)C(=O)N1Cc1ccc(-c2ccccc2C#N)cc1,0
1416,CC(C)(C)C1CCC(OC(=O)OOC(=O)OC2CCC(C(C)(C)C)CC2)CC1,0
1417,CC(C)C(=O)C(C(=O)Nc1ccccc1)C(C(=O)c1ccc(F)cc1)c1ccccc1,0
1418,CCCCCCCCCCCCCCCCCCCCCCCCCCCCCCCCCCCCCC,1
1419,O=C(O)CC(O)C(=O)O,1
1420,O=C(O)CN(CCN(CC(=O)O)CC(=O)O)CCN(CC(=O)O)CC(=O)O,0
1421,CCCC(=O)O,1
1422,CCCCOc1ccccc1OCCCC,0
1423,SC1CCCCC1,0
1424,CC1(C)CC(N=C=O)CC(C)(CN=C=O)C1,0
1425,CCCCC(CC)COP(=O)(O)CC(CC)CCCC,0
1426,CC(C)(CBr)C(O)(Br)Br,0
1427,CC(O)(P(=O)(O)O)P(=O)(O)O,1
1428,CN(C)CCOCCOC(=O)NCC1(C)CC(NC(=O)OCCOCCN(C)C)CC(C)(C)C1,0
1429,O=C1Cc2ccccc2N=C1C1C(=O)c2ccccc2C1=O,0
1430,c1ccc2cc(Nc3ccc(Nc4ccc5ccccc5c4)cc3)ccc2c1,0
1431,CC1(C)CC(O)CC(C)(C)N1CCO,0
1432,COc1cc(-c2cc(OC)cc(C(C)(C)C)c2Op2oc3ccccc3c3ccccc3o2)c(Op2oc3ccccc3c3ccccc3o2)c(C(C)(C)C)c1,0
1433,NCCC(=O)O,1
1434,NCc1ccccc1,1
1435,CN1CCNCC1,0
1436,O=C(O)C1CCCN1,1
1437,O=C(O)CSSCC(=O)O,0
1438,COc1cc([N+](=O)[O-])c(OC)cc1Cl,0
1439,CCCC1CCC(c2ccc(O)cc2)CC1,0
1440,CC1C2CC(CC2C2CCCC(O)C2)C1(C)C,0
1441,COc1cc(OC)c(NC(=O)c2cc3ccccc3cc2O)cc1Cl,0
1442,CC(C)Cc1ccc(C(=O)O)cc1,0
1443,CCOc1ccc(NC(C)=O)cc1,0
1444,O=C(O)c1cc(O)c(O)c(O)c1,1
1445,CC(C)(c1cc(Br)c(O)c(Br)c1)c1cc(Br)c(O)c(Br)c1,0
1446,FC(F)(F)c1ccccc1Cl,0
1447,O=C(OOC(=O)c1ccc(Cl)cc1Cl)c1ccc(Cl)cc1Cl,0
1448,CC1(CCl)CO1,0
1449,O=C1c2ccccc2C(=O)N1CC(O)CNc1ccc(N2CCOCC2=O)cc1,0
1450,COc1ccc(C)cc1N,0
1451,CC(C)(C)OOC1(OOC(C)(C)C)CCCCC1,0
1452,OCc1ccc(Cl)c(Cl)c1,0
1453,CC1=CC(=O)N(Cc2cccc(CN3C(=O)C=C(C)C3=O)c2)C1=O,0
1454,O=S(=O)(O)CCN1CCN(CCS(=O)(=O)O)CC1,0
1455,COC(=O)COc1nc(F)c(Cl)c(N)c1Cl,0
1456,O=C(OCCO)c1ccc(C(=O)OCCO)cc1,1
1457,NC(C(=O)O)c1ccccc1,1
1458,c1ccc2cc3cc4cc5ccccc5cc4cc3cc2c1,0
1459,CCNc1ccc(C)cc1,0
1460,CCOc1ccccc1C(=N)N,0
1461,OCCO,1
1462,CC(C)(C)c1ccc(OP(Oc2ccc(C(C)(C)C)cc2C(C)(C)C)Oc2ccc(C(C)(C)C)cc2C(C)(C)C)c(C(C)(C)C)c1,0
1463,Oc1ccc(Cl)cc1,0
1464,C1=CCCC1,1
1465,C=COCC(CC)CCCC,0
1466,O=C(O)CCCCC(=O)O,1
1467,O=Cc1ccccc1Cl,0
1468,CN(C)C12CC3CC(CC(C3)C1)C2,0
1469,FC(F)(F)COc1cccnc1Cl,0
1470,CCCCCCCCCCCCCCCCCC(=O)O,1
1471,COC(=O)CC(C(C)=O)C(=O)OC,1
1472,CC(=O)C(O)c1ccccc1,1
1473,CC1(C(O)CO)OC(c2ccc(Cl)cc2)OC2COC(c3ccc(Cl)cc3)OC21,0
1474,CC(C)(C)Cl,0
1475,CCN(CCOC(C)OCC(C)C)c1ccc(/N=N/c2ccccc2)cc1,0
1476,CCCCCCOC(=O)/N=C(\N)c1ccc(NCc2nc3cc(C(=O)N(CCC(=O)OCC)c4ccccn4)ccc3n2C)cc1,0
1477,CCOC(=O)CC(=O)C(=O)OCC,1
1478,CCCCN(CCCC)CCCC,0
1479,CCCCCCCCC(=O)N(CCO)CCO,1
1480,O=CC(Cl)(Cl)Cl,0
1481,Cc1cccc(C)c1C,0
1482,C[N+]1([O-])CCOCC1,0
1483,O=C(O)c1ccc(Cl)c2c(Cl)ccc(C(=O)O)c12,0
1484,CC(C)N,1
1485,Cc1ccc(C(C)(C)C)c(O)c1,0
1486,CCOC(N)=O,0
1487,CC(C)(O)C(=O)c1ccccc1,1
1488,CCNC1CCCCC1,0
1489,OCCCCO,1
1490,COc1ccccc1OCC(O)COC(N)=O,0
1491,Cc1ccc(S(=O)(=O)O)c(C)c1,0
1492,CC(C)CCCCCCCCCCCCCCC(=O)O,1
1493,CC(CCl)OC(C)CCl,0
1494,N#Cc1ccc(Cl)c(Cl)c1,0
1495,CCCCCCCCCCCC(=O)NCCC[N+](C)(C)CC(=O)O,1
1496,O=C1NC(=O)c2c(Cl)c(Cl)c(Cl)c(Cl)c21,0
1497,CCCOC(=O)c1ccc(C(=O)OCCC)nc1,0
1498,CC(C)(c1ccc(OCCO)cc1)c1ccc(OCCO)cc1,0
1499,CCCCC=O,1
1500,CCCCCCCCCCCC(=O)Oc1c(Cl)c(Cl)c(Cl)c(Cl)c1Cl,0
1501,CCC(C)NCCO,0
1502,CN(C)CCCN1CN(CCCN(C)C)CN(CCCN(C)C)C1,1
1503,O=[N+]([O-])c1cc(S(=O)(=O)Nc2ccccc2)ccc1Nc1ccccc1,0
1504,CC1CO1,1
1505,OCC1CN2CCN1CC2,0
1506,CCCCC(CC)COC(=O)OOC(C)(C)CC,1
1507,CCCCC(CC)C(=O)OCCOCCOCCOC(=O)C(CC)CCCC,1
1508,Sc1nc2ccccc2[nH]1,0
1509,CC(=O)c1ccc(-n2ccnc2)cc1,1
1510,O=C1CCCCC1,1
1511,O=C=NC1CCC(CC2CCC(N=C=O)CC2)CC1,0
1512,COC(C)(C)CCOC(C)=O,1
1513,CCCCCCCCCCCCCCCCCCCCCCCCCC,1
1514,O=C1OCCN1CCCO,0
1515,CC(C)CC(C)CC(O)CC(C)C,1
1516,Nc1cccc([N+](=O)[O-])c1,0
1517,OCC(CO)(CO)COCC(CO)(CO)CO,0
1518,O=[N+]([O-])c1cccc(S(=O)(=O)O)c1,0
1519,COCCOCOCCOC,0
1520,COc1ccc(C)cc1C(CCN(C(C)C)C(C)C)c1ccccc1,0
1521,O=NN1CN2CN(C1)CN(N=O)C2,1
1522,C=CCN,0
1523,CCC(=O)Nc1ccc(Cl)c(Cl)c1,0
1524,Cc1ccc(C=O)cc1,1
1525,COc1ccc([N+](=O)[O-])cc1/N=N/C(C(C)=O)C(=O)Nc1ccccc1OC,0
1526,CSCCC=O,1
1527,ClC1=C(Cl)C2(Cl)C3C(Cl)C(Cl)CC3C1(Cl)C2(Cl)Cl,0
1528,C=CC(=O)OCCCCCCOC(=O)C=C,1
1529,O=Cc1ccncc1,0
1530,CC/C(C)=N\O[Si](C)(O/N=C(\C)CC)O/N=C(\C)CC,0
1531,CCCCCCOC1=CC(=O)C(c2nc(-c3ccccc3)nc(-c3ccccc3)n2)C=C1,0
1532,CC(C)(C)c1cc(CCC(=O)OCC(COC(=O)CCc2cc(C(C)(C)C)c(O)c(C(C)(C)C)c2)(COC(=O)CCc2cc(C(C)(C)C)c(O)c(C(C)(C)C)c2)COC(=O)CCc2cc(C(C)(C)C)c(O)c(C(C)(C)C)c2)cc(C(C)(C)C)c1O,0
1533,C=CC(=O)OCCCC,1
1534,Cc1c([N+](=O)[O-])cc([N+](=O)[O-])cc1[N+](=O)[O-],0
1535,O=C=Nc1cccc(C(F)(F)F)c1,0
1536,Cc1ccc2cc3c(ccc4ccccc43)c3c2c1CC3,0
1537,CC(=O)CCC=C(C)C,1
1538,Nc1ccc(O)cc1,0
1539,CCCCCCCC/C=C/CCCCCCCC(=O)OCC(O)C1OCC(O)C1O,1
1540,OCCSCCO,0
1541,CCCNCCC,1
1542,Cc1ccccc1[N+](=O)[O-],0
1543,O=C(O)c1cc(Cl)ccc1Cl,0
1544,CSC(C)(C)SC,0
1545,Nc1c(I)c(C(=O)NCC(O)CO)c(I)c(C(=O)NCC(O)CO)c1I,0
1546,Nc1cc(C(=O)NCC(O)CO)cc(C(=O)NCC(O)CO)c1,0
1547,O=C(c1ccccc1)c1ccc(O)cc1O,0
1548,O=Cc1ccc(S(=O)(=O)O)cc1S(=O)(=O)O,0
1549,O=c1[nH]sc2ccccc12,0
1550,CC(C)(c1ccc(O)cc1)c1ccc(O)cc1,0
1551,CC(C)(C)C(=O)O,0
1552,CCCCCCCCCCCCCCCC(=O)N(CCO)CCO,1
1553,C1CCC2CCCCC2C1,0
1554,C=CC(=O)OCCCOc1ccc(C(=O)Oc2ccc(OC(=O)c3ccc(OCCCOC(=O)C=C)cc3)c(C)c2)cc1,0
1555,COC(=O)CCS,1
1556,CN=C=S,0
1557,CCCCNC(=O)CCC(NC(=O)C(CC)CCCC)C(=O)NCCCC,0
1558,CCCCCCCCCCCCCCCCCC(=O)NCCCN(C)C,1
1559,ClCC1CO1,0
1560,O=C(O)c1ccccc1,1
1561,CN(C)c1ccccc1,0
1562,CC(C)Sc1ncccc1OCC(F)(F)F,0
1563,Cc1cc(-c2ccc(N)c(C)c2)ccc1N,0
1564,NC(CO)C(=O)O,1
1565,COC(=O)c1ccccc1C(=O)OC,1
1566,CC(=O)CCO,1
1567,CC[N+](=O)[O-],0
1568,ClC(Cl)C(Cl)C(Cl)Cl,0
1569,C=CCc1cc(C(C)(C)c2ccc(O)c(CC=C)c2)ccc1O,0
1570,Clc1ccc(Br)cc1Cl,0
1571,O=S(=O)(O)c1ccccc1/C=C/c1ccc(-c2ccc(/C=C/c3ccccc3S(=O)(=O)O)cc2)cc1,0
1572,CCCCC(CC)COC(=O)CC(CC(=O)OCC(CC)CCCC)(OC(C)=O)C(=O)OCC(CC)CCCC,0
1573,N#CSCSc1nc2ccccc2s1,0
1574,Nc1ccc(N)cc1,0
1575,CN(C)C1CCCCC1,1
1576,CCCCCCCCOC(=O)CCCCCCC,1
1577,FC(F)CNCc1ccc(Cl)nc1,0
1578,CCCCCCCCCCCCCCCCCC(=O)NCO,1
1579,CCCCCCCCCCCCCCCCCCNC(=O)NCCCCCCCCCCCCCCCCCC,0
1580,O=C1C=CC(=O)c2ccccc21,0
1581,CCCCCCCCC,1
1582,CCC(C)=O,1
1583,Cc1ncc[nH]1,0
1584,CC1(C)COC(=O)C1O,1
1585,CCCCCCCCCCCCOC(=O)CCSCCC(=O)OCCCCCCCCCCCC,1
1586,COC(=O)c1ccccc1O,1
1587,C#CC1(O)CCC2C3CCC4=CC(=O)CCC4C3CCC21C,0
1588,CC(CCO)CC(C)(C)C,0
1589,COC(C)(C)CC(C)=O,0
1590,CC12CCCC=C1C(=O)OC2=O,0
1591,CC(=O)N1CC(=O)N2CCc3ccccc3C2C1,0
1592,CCCCCCCCCCCCn1ccnc1,0
1593,CS,1
1594,CCC(C)c1ccc(O)cc1,0
1595,Oc1ccc(Br)cc1,0
1596,CC(C)C1NC(=O)NC1=O,0
1597,Oc1ccccc1F,0
1598,CC(=O)c1ccc(Sc2ccc([S+](c3ccc(Sc4ccc(C(C)=O)cc4)cc3)c3ccc(Sc4ccc(C(C)=O)cc4)cc3)cc2)cc1,0
1599,OCC1CCC(CO)CC1,1
1600,CCCCOCc1ccc(O)c(OC)c1,1
1601,N#CCC(=O)O,1
1602,COc1cc([N+](=O)[O-])ccc1/N=N/C(C(C)=O)C(=O)Nc1ccccc1OC,0
1603,C[N+](C)(C)Cc1ccccc1,0
1604,Cc1cccc(O)c1,1
1605,O=S(=O)(O)c1cc(Nc2nc(Nc3ccccc3)nc(N3CCOCC3)n2)ccc1/C=C/c1ccc(Nc2nc(Nc3ccccc3)nc(N3CCOCC3)n2)cc1S(=O)(=O)O,0
1606,OCC1OC(O)C(O)C(O)C1O,1
1607,CCCCCCCCCCCCCCCCCCOP(OCCCCCCCCCCCCCCCCCC)OCCCCCCCCCCCCCCCCCC,1
1608,CCOC(=O)C1CCCO1,1
1609,CCCCCCCC(=O)OC1COC2C(OC(=O)CCCCCCC)COC12,1
1610,NCCN,1
1611,COc1ccccc1N,0
1612,CCCCOCCOCCO,1
1613,CCCCC(CC)COCCCN,1
1614,CCCCCCCCCC=O,1
1615,CC(=O)/C=C/C=C(\C)CCC=C(C)C,1
1616,CCO,1
1617,CC(=O)CC(=O)Nc1ccccc1,1
1618,Clc1ccccc1C1CO1,0
1619,CCCCCCCCCCCCCCCCCCCCCCCCCCCCCCCCCCC,1
1620,Nc1ccc(S(=O)(=O)O)cc1N,0
1621,CC(C)NC(C)C,0
1622,COc1ccc(C(=O)Nc2ccc(C(N)=O)cc2)cc1N,0
1623,COc1ccc(OC)c([N+](=O)[O-])c1,0
1624,OCCN1CCOCC1,1
1625,Cc1cccc(C)c1,1
1626,CC(c1ccccc1)c1ccc(O)c(C(C)c2ccccc2)c1C(C)c1ccccc1,0
1627,C1CNCCN1,0
1628,CCOC(=O)c1cccc(O)c1,1
1629,CC(=O)O,1
1630,Cc1cccc(Nc2cc3c(nc4ccc(N(CCO)CCO)cc4[n+]3-c3ccccc3)c3ccccc23)c1,0
1631,Cc1ccccc1/N=C(\N)Nc1ccccc1C,0
1632,CC(c1ccccc1)c1ccccc1O,0
1633,CCCCCCCCCC(=O)O,1
1634,CCN(CC)C(=S)S,1
1635,O=P(O)(O)CN(CCN(CP(=O)(O)O)CP(=O)(O)O)CP(=O)(O)O,0
1636,Cc1cc(Cl)ccc1O,0
1637,FC(F)(F)c1ccccc1,0
1638,CCCCC(CC)CNCC(CC)CCCC,0
1639,CCCCCCCCCCCCCCCCCCCCCCCCO,1
1640,CN(C)C(=S)S,1
1641,CC(O)CN(CCO)CCO,1
1642,CCCCC(CC)CN1C(=O)C2C(C1=O)C1(C(C)C)C=CC2(C)CC1,0
1643,Brc1c(Br)c(Br)c(Br)c(Br)c1Br,0
1644,CC1C(C)(C)C2CCc3cncnc3C2C1(C)C,0
1645,O=C1CC(=O)NC(=O)N1,1
1646,CC(C)(C)c1cc(C(C)(C)C)cc(C(C)(C)C)c1,0
1647,CC(=O)CC(=O)c1ccccc1,1
1648,Cc1ccc(/N=N/C2C(=O)C=Cc3ccccc32)c([N+](=O)[O-])c1,0
1649,CC(C)(C)c1ccc(O)c(C(C)(C)C)c1,0
1650,CCCCCC(=O)CCCCC,1
1651,c1ccc2[nH]ccc2c1,1
1652,COc1ccc([N+](=O)[O-])cc1,0
1653,Nc1nc(-c2ccc3ccccc3c2)cs1,0
1654,CCC(C)C,1
1655,NCCCN(CCO)CCO,0
1656,COP(=O)(NC(C)=O)SC,1
1657,Cc1cc(O)cc(O)c1,0
1658,Cc1cccc(C(=O)O)c1,1
1659,ClC=C(Cl)Cl,0
1660,O=S(=O)(O)c1ccc(Nc2nc(Nc3ccc(/C=C/c4ccc(Nc5nc(Nc6ccc(S(=O)(=O)O)cc6)nc(N(CCO)CCO)n5)cc4S(=O)(=O)O)c(S(=O)(=O)O)c3)nc(N(CCO)CCO)n2)cc1,0
1661,O=S(=O)(O)C(F)(F)F,0
1662,Clc1ccccc1-c1ccccc1Cl,0
1663,COC(=O)c1ccc(C(=O)O)cc1[N+](=O)[O-],0
1664,COP(=O)(OC)C(O)C(Cl)(Cl)Cl,0
1665,C1CCNC1,1
1666,CCOC(=O)CC(=O)OCC,1
1667,Nc1cc(Cl)ccc1Cl,0
1668,Cc1ccc([N+](=O)[O-])cc1S(=O)(=O)O,0
1669,O=S(=O)(O)c1ccc(O)cc1,1
1670,CCC1(CO)COC1,0
1671,CCCCCCCCCCCCCCOC(=O)CCCCCCCCCCCCC,1
1672,NCCCCCCCCCCN,1
1673,C=CS(=O)(=O)CCOCCNc1nc(F)nc(Nc2ccc(/N=N/c3ccc(/N=N/c4cc(S(=O)(=O)O)c5cc(S(=O)(=O)O)cc(S(=O)(=O)O)c5c4)cc3)cc2)n1,0
1674,CCCCCCCCCCCCCCCC(=O)OC,1
1675,Cl[Si](c1ccccc1)(c1ccccc1)c1ccccc1,0
1676,BrC(Br)C(Br)Br,0
1677,Cc1ccnc(C)c1,1
1678,C=CC(=O)N1CCOCC1,0
1679,Nc1c(I)c(C(=O)Cl)c(I)c(C(=O)Cl)c1I,0
1680,O=C1CCC(=O)C2C3CCC(C3=C(Cl)Cl)C12,0
1681,Nc1ccc(Cc2ccc(N)c(Cl)c2)cc1Cl,0
1682,CCCCCCOC(=O)CCCCC(=O)OCCCCCC,1
1683,OCCN(CCO)C1CCCCC1,0
1684,CC1=NN(c2cccc(S(=O)(=O)O)c2)C(=O)C1/N=N/c1cc(Cl)c(Cl)cc1S(=O)(=O)O,0
1685,CC(C)(C)OCCO,0
1686,OCc1ccccc1O,0
1687,O=C(O)C(O)(c1ccccc1)c1ccccc1,0
1688,CCc1cccc(CC)c1N(COC)C(=O)CCl,0
1689,CCCCCCCCCCCC(=O)OCC(O)C1OCC(O)C1O,1
1690,O=NC1CCCC2=C1C1CCC2C1=C(Cl)Cl,0
1691,Cc1cc2c(cc1NNC1C(=O)NC(=O)NC1=O)=NC(=O)N=2,0
1692,C[N+](C)(C)CCO,1
1693,CCCCCCCCCC(=O)Oc1ccc(C(=O)O)cc1,1
1694,CCCCCCCCCCCCCC(=O)NC(CCC(=O)O)C(=O)O,1
1695,Cc1ccccc1N(CC1CO1)CC1CO1,0
1696,CCCCNCCCC,1
1697,CC1OC(C)OC(C)O1,0
1698,CCC(=O)c1ccccc1,1
1699,CCN(CCO)CCO,0
1700,O=C1C=CC(=O)O1,1
1701,COc1ccc(-c2cc(OCCCCC3CO3)ccc2C(=O)O)cc1,0
1702,O=C(O)C(Cl)Cl,1
1703,CCCCCCCCON1C(C)(C)CCC(OC(=O)CCCCCCCCC(=O)OC2CCC(C)(C)N(OCCCCCCCC)C2(C)C)C1(C)C,0
1704,COC(=O)c1c(Cl)c(Cl)c(C(=O)OC)c(Cl)c1Cl,0
1705,CC(=O)Nc1ccc(-c2ccc(N)cc2)cc1,0
1706,CCNCCO,1
1707,CCCCOCCO,1
1708,CC(C)(c1cc(Br)c(OCCO)c(Br)c1)c1cc(Br)c(OCCO)c(Br)c1,0
1709,CCCCOCCOP(=O)(OCCOCCCC)OCCOCCCC,0
1710,Nc1ccc(/N=N/c2ccc(-c3ccc(/N=N/c4c(S(=O)(=O)O)cc5cc(S(=O)(=O)O)c(/N=N/c6ccccc6)c(O)c5c4N)cc3)cc2)c(N)c1,0
1711,C=C(CC(=O)O)C(=O)O,1
1712,CCCCCCCCC(C)=O,1
1713,CCCCC(CC)COP(=O)(O)OCC(CC)CCCC,0
1714,COc1cccc(O)c1,1
1715,CC(N)=O,1
1716,CCC(C)NC1CCC(CC2CCC(NC(C)CC)CC2)CC1,0
1717,CCCCCCCCCCCCCCCCOC(=O)c1cc(C(C)(C)C)c(O)c(C(C)(C)C)c1,0
1718,O=C=Nc1ccc(Cc2ccc(N=C=O)cc2)cc1,0
1719,CC(=O)OC(C)(C)C1CC=C(C)CC1,1
1720,C1CO1,1
1721,CCCCC(CC)COC(=O)Nc1ccc(C)c(NC(=O)OCCN(C)C)c1,0
1722,Cc1cccc([N+](=O)[O-])c1C,0
1723,Cl[Si](Cl)(c1ccccc1)c1ccccc1,0
1724,CC1CCC(C(C)C)C(OCC(O)CO)C1,0
1725,CCCCCC1=C(CC(=O)OC)CCC1=O,1
1726,O=C(OCCCOCCCOC(=O)c1ccccc1)c1ccccc1,1
1727,CCOC(=O)CC1C=CCC1,1
1728,COC(C)(C)CCO,0
1729,O=C=Nc1ccc(OP(=S)(Oc2ccc(N=C=O)cc2)Oc2ccc(N=C=O)cc2)cc1,0
1730,Nc1cc(S(=O)(=O)O)cc2cc(S(=O)(=O)O)cc(O)c12,0
1731,NCC1CN(c2ccc(N3CCOCC3=O)cc2)C(=O)O1,0
1732,C=CC(=O)N(C)C,0
1733,Oc1ccc(Br)cc1Br,0
1734,O=C1OCCO1,1
1735,OC(c1ccccc1)c1ccccc1,1
1736,c1ccc(C2CO2)cc1,1
1737,CC(=O)c1ccccc1Cl,0
1738,CC1=NN(c2ccccc2)C(=O)C1,0
1739,O=C(O)c1ccccc1-c1ccccc1C(=O)O,1
1740,Clc1ccccn1,0
1741,FCF,0
1742,CC(C)(C)c1cc(C(C)(C)C)c(O)c(C(C)(C)C)c1,0
1743,CCCCCCCCCCCC(=O)OC1CC(C)(C)NC(C)(C)C1,0
1744,CN(C)CCCNCCCN,1
1745,c1ccc(N(CC2CO2)CC2CO2)cc1,0
1746,COC(C)=O,1
1747,CC(O)CCO,1
1748,CC(=O)OOC(C)(C)C,0
1749,C=CN1CCCCCC1=O,1
1750,OP(O)c1ccccc1,0
1751,O=C(O)c1ccc(Cl)cc1,0
1752,Oc1ccc(Cl)cc1Cc1cc(Cl)ccc1O,0
1753,COCCOCCOCCOB(OCCOCCOCCOC)OCCOCCOCCOC,1
1754,O=C(O)c1cc2ccccc2cc1O,0
1755,COC(=O)C(C)Cl,1
1756,O=C(O)CCCCC[N+](=O)[O-],1
1757,C=CC(N)=O,1
1758,COc1cccc(C=O)c1,1
1759,CCN(CC)N=O,0
1760,OCCCl,1
1761,C=C(C)C(=O)OCC(C)(C)COC(=O)C(=C)C,1
1762,COc1cc(C=O)ccc1O,1
1763,c1ccc2scnc2c1,0
1764,COCc1cc(N)ccc1N,0
1765,CCCCN(CCCC)c1ccc2c(c1)Oc1cc(C)c(Nc3ccccc3)cc1C21OC(=O)c2ccccc21,0
1766,O=P(OCC(CBr)(CBr)CBr)(OCC(CBr)(CBr)CBr)OCC(CBr)(CBr)CBr,0
1767,NC(CSSCC(N)C(=O)O)C(=O)O,1
1768,CCC(=O)OCc1ccccc1,1
1769,O=C1c2ccccc2-c2cccc3cccc1c23,0
1770,c1ccc2cc(SSc3ccc4ccccc4c3)ccc2c1,0
1771,O=C1C(C2Nc3ccccc3C2=O)=Nc2ccccc21,0
1772,c1ccc2c(c1)[nH]c1ccccc12,0
1773,O=S(=O)(O)c1cc(S(=O)(=O)O)c2cc(O)ccc2c1,0
1774,Cc1cc2c(cc1Nc1ccccc1)C1(OC(=O)c3ccccc31)c1ccc(N(C)C3CCCCC3)cc1O2,0
1775,FC(F)(F)C(F)(F)C(F)(F)C(F)(F)N(C(F)(F)C(F)(F)C(F)(F)C(F)(F)F)C(F)(F)C(F)(F)C(F)(F)C(F)(F)F,0
1776,CCCCCCCCCCCCCCCCCCOC(=O)CCc1cc(C(C)(C)C)c(O)c(C(C)(C)C)c1,0
1777,CCCCCCCCCc1ccc(OCC(=O)O)cc1,0
1778,O=C1c2ccccc2C(c2ccc(O)cc2)(c2ccc(O)cc2)N1c1ccccc1,0
1779,CN1CCCN(C)C1=O,0
1780,CC(C)/C=N/CC1CCCC(C/N=C/C(C)C)C1,0
1781,O=C(c1ccccc1)C1CCCCC1,0
1782,O=Cc1ccccc1,1
1783,COC(=O)c1ccc(C(=O)Nc2cc(Cl)ccc2Cl)cc1[N+](=O)[O-],0
1784,OCC(O)CCl,1
1785,CCCC(O)C(CC)CO,1
1786,O=C=NS(=O)(=O)c1ccccc1C(F)(F)F,0
1787,O=C(OCc1ccccc1)c1ccccc1O,1
1788,CCCCCCCCN(C)C,1
1789,O=P(c1ccccc1)(c1ccccc1)c1ccccc1,0
1790,CC1=CCC(C(C)(C)O)CC1,1
1791,N#CS,1
1792,COc1cc(C=C(C(C)=O)C(C)=O)cc(OC)c1OC,0
1793,CC(C)c1ccc(OP(=O)(Oc2ccc(C(C)C)cc2)Oc2ccc(C(C)C)cc2)cc1,0
1794,FC(Cl)(Cl)C(F)(Cl)Cl,0
1795,Nc1ccccc1Cl,0
1796,CC1=CCC(=C(C)C)CC1,1
1797,CCN,1
1798,O=C1O[B-]2(OC1=O)OC(=O)C(=O)O2,1
1799,CCOS(=O)(=O)OCC,1
1800,CCCCN(c1nc(NCCCN(CCN(CCCNc2nc(N(CCCC)C3CC(C)(C)N(C)C(C)(C)C3)nc(N(CCCC)C3CC(C)(C)N(C)C(C)(C)C3)n2)c2nc(N(CCCC)C3CC(C)(C)N(C)C(C)(C)C3)nc(N(CCCC)C3CC(C)(C)N(C)C(C)(C)C3)n2)c2nc(N(CCCC)C3CC(C)(C)N(C)C(C)(C)C3)nc(N(CCCC)C3CC(C)(C)N(C)C(C)(C)C3)n2)nc(N(CCCC)C2CC(C)(C)N(C)C(C)(C)C2)n1)C1CC(C)(C)N(C)C(C)(C)C1,0
1801,OCC(CO)(CO)CO,0
1802,COCCCOc1cc(C(O)C(CC(NC(=O)OC(C)(C)C)C2CC(C(C)C)C(=O)O2)C(C)C)ccc1OC,0
1803,Cc1cccc(C)c1OP(=O)(Oc1cccc(OP(=O)(Oc2c(C)cccc2C)Oc2c(C)cccc2C)c1)Oc1c(C)cccc1C,0
1804,CCCCCCCCCCCC(=O)NCCC[N+](C)(C)CC(O)CS(=O)(=O)O,0
1805,CC(C)(C)CC(C)(C)c1cc(Cc2cc(C(C)(C)CC(C)(C)C)cc(-n3nc4ccccc4n3)c2O)c(O)c(-n2nc3ccccc3n2)c1,0
1806,CC(C)(C)c1ccccc1O,0
1807,Clc1ccc(Cl)c(Cl)c1,0
1808,OC(Cn1ccnc1)c1ccc(Cl)cc1Cl,1
1809,C=CCc1ccc(OC)c(OC)c1,1
1810,CC(=O)S,1
1811,Cc1ccc(S(=O)(=O)NC(=O)Nc2ccccc2)cc1,0
1812,CC12CCC3C4CCC(=O)C=C4C=CC3C1CCC2O,0
1813,CCCCC(CC)COC(=O)CCCCCCCC(=O)OCC(CC)CCCC,1
1814,CC(=O)C(/N=N/c1ccc(-c2ccc(/N=N/C(C(C)=O)C(=O)Nc3ccccc3C)c(Cl)c2)cc1Cl)C(=O)Nc1ccccc1C,0
1815,CC(C)N1C2CCC1CC(=O)C2,0
1816,O=P(OCC(Br)CBr)(OCC(Br)CBr)OCC(Br)CBr,0
1817,CC12CCC3C(C4CC4C4(O)CC(O)CCC34C)C1C1CC1C2(O)C#CCO,0
1818,O=S(=O)(Cl)Cc1ccccc1,1
1819,CC(C=O)Cc1ccc(C(C)(C)C)cc1,1
1820,O=C(O)C1/C(=C\CO)OC2CC(=O)N21,0
1821,CCl,0
1822,CN1CCN(C)C1=O,0
1823,N=C(N)N,0
1824,CCCCOCCn1c(=N)c2c(N)c3c(=O)c4ccccc4c(=O)c3c(N)c2c1=O,0
1825,O=C1OC(=O)C2CCCCC12,0
1826,Cn1cccc1,1
1827,COP(=S)(OC)Oc1ccc(S(=O)(=O)N(C)C)cc1,1
1828,FC(F)(F)/C=C/C(F)(F)F,0
1829,CCCCCCCCCCCCSCc1cc(C)c(O)c(CSCCCCCCCCCCCC)c1,1
1830,CN1CSC(=S)N(C)C1,0
1831,CCC(C)(C)c1ccc(O)c(C(C)(C)CC)c1,0
1832,CC(C)c1ccc(C(C)C)cc1,0
1833,N#CC(C(=O)OCC(COC(=O)C(C#N)=C(c1ccccc1)c1ccccc1)(COC(=O)C(C#N)=C(c1ccccc1)c1ccccc1)COC(=O)C(C#N)=C(c1ccccc1)c1ccccc1)=C(c1ccccc1)c1ccccc1,0
1834,Cc1ccccc1C,0
1835,NC(=O)CCl,1
1836,COc1cc(C(c2ccccc2)c2ccc(/N=N/c3cc(S(=O)(=O)O)c4ccccc4c3O)c(OC)c2)ccc1/N=N/c1cc(S(=O)(=O)O)c2ccccc2c1O,0
1837,O=C(O)CN(CCO)CC(=O)O,1
1838,CC1=CC2CC1C1C(=O)OC(=O)C21,0
1839,N#Cc1c(Cl)c(Cl)c(Cl)c(C#N)c1Cl,0
1840,CC(=O)CC(=O)Nc1ccc(C)cc1C,0
1841,ClCC(Cl)(Cl)CCl,0
1842,CO,1
1843,OC(c1ccc(Cl)cc1)(c1ccc(Cl)cc1)C(Cl)(Cl)Cl,0
1844,O=C=NCCCCCCn1c(=O)n(CCCCCCN=C=O)c(=O)n(CCCCCCN=C=O)c1=O,0
1845,CCCCCCCCCCCCCCCCCCC1CO1,1
1846,CCCCCC[Si](O)(CCCCCC)CCCCCC,0
1847,CCN1CCCC1=O,1
1848,C#CCOC(=O)NCCCC,0
1849,NC(=O)CCC(N)C(=O)O,1
1850,CC1(C)CO1,1
1851,O=C(Nc1ccc(Cc2ccc(NC(=O)N3CC3)cc2)cc1)N1CC1,0
1852,ClCCl,0
1853,OCC(O)CO,1
1854,C=C(C)C(=O)O,1
1855,OCC(O)C(O)C(O)CO,1
1856,CCCCC(=O)O,1
1857,CN(C)Cc1ccccc1,0
1858,CCCCC1CCC(O)C(OC)C1,1
1859,C=CC(C)(CCC=C(C)C)OC(C)=O,1
1860,C=C(Cl)CO,1
1861,COc1cc(C#N)cc(OC)c1O,1
1862,CC(C)c1ccccc1C(C)C,0
1863,CCC(C)n1ncn(-c2ccc(N3CCN(c4ccc(O)cc4)CC3)cc2)c1=O,0
1864,Brc1c(Br)c(Br)c(-c2c(Br)c(Br)c(Br)c(Br)c2Br)c(Br)c1Br,0
1865,O=C(C(F)(F)F)C(F)(C(F)(F)F)C(F)(F)F,0
1866,C=COCC(C)C,0
1867,CC(CN)CCCN,1
1868,CI,0
1869,CC(=O)C(C)C,1
1870,O=[N+]([O-])c1ccc([N+](=O)[O-])cc1,0
1871,CCCCCCCCC(=O)O,1
1872,FC(F)(F)CC(F)(F)F,0
1873,CCCCCCCCCCCCCCCCCCCCCCCCCCCCCC,1
1874,C=C(C)C(=O)OCC1CO1,1
1875,CCCCCCCCCCCCc1ccc(N)cc1,1
1876,O=C(O)C1C(C(=O)O)C2(Cl)C(Cl)=C(Cl)C1(Cl)C2(Cl)Cl,0
1877,Cc1cccc(C)c1OS(=O)(=O)c1ccc(O)cc1,1
1878,CCCCCCC1CCC(=O)O1,1
1879,c1ccc(CCc2ccccc2)cc1,1
1880,CC(C)(C)N,0
1881,CCOC(=O)CC(C)=O,1
1882,O=C1c2ccccc2C(=O)c2cc(Cl)ccc21,0
1883,NCCc1ccccc1,0
1884,CC1(C)COP(=S)(OP2(=S)OCC(C)(C)CO2)OC1,0
1885,CCCCCC1C(=O)CCC1CC(=O)OC,1
1886,COc1ccc(Cl)cc1NC(=O)CC(C)=O,0
1887,NCCNCCNCCN,0
1888,Oc1ccccc1-n1nc2ccccc2n1,0
1889,CC(O)CN(CC(C)O)c1nc(Nc2ccc(S(=O)(=O)O)cc2)nc(Nc2ccc(/C=C/c3ccc(Nc4nc(Nc5ccc(S(=O)(=O)O)cc5)nc(N(CC(C)O)CC(C)O)n4)cc3S(=O)(=O)O)c(S(=O)(=O)O)c2)n1,0
1890,CC(O)(CCO)CCO,0
1891,CCCCCCCCCCCC(=O)NCCC[N+](C)(C)C,1
1892,CC(CC=O)c1ccccc1,1
1893,CC(C)CCCCCCOC(=O)c1ccccc1C(=O)OCCCCCCC(C)C,1
1894,ClC1C(Cl)C(Cl)C(Cl)C(Cl)C1Cl,0
1895,CCCCCCc1ccc(-c2ccc(C#N)cc2)cc1,0
1896,CCCCC(CC)C(=O)O,1
1897,CCCCCCCCC(=O)OCC(CC)(COC(=O)CCCCCCCC)COC(=O)CCCCCCCC,1
1898,Clc1ccc(C(Cl)(Cl)Cl)c(Cl)c1,0
1899,CC1=CC(=O)CC(C)(C)C1=O,1
1900,CNS(=O)(=O)c1cc(OC)c(N)cc1OC,0
1901,CC(O)C#N,1
1902,Cc1cccc(C(C)c2ccccc2)c1C,0
1903,ClP(Cl)c1ccccc1,0
1904,O=C(O)c1ccc(Cl)c(Cl)c1,0
1905,Cc1ccccc1S(=O)(=O)O,0
1906,ClCCOCCOCCCl,0
1907,Nc1cccc(Cl)c1,0
1908,Nc1c(Br)cc(O)c2c1C(=O)c1ccccc1C2=O,0
1909,Nc1ccc(S(=O)(=O)O)c2ccccc12,0
1910,CC(C)(C)OO,0
1911,CC1=C(C(=O)Nc2ccccc2)SCCO1,1
1912,CCCCC(CC)COC(=O)OOC(C)(C)C,1
1913,C=CC1CCC(O)C(O)C1,0
1914,C=O,1
1915,C=C(Br)c1ccccc1,0
1916,O=C1c2ccccc2C(=O)C1c1nc2ccccc2c(Br)c1O,0
1917,CC(C)(O)C(Cl)(Cl)Cl,0
1918,C/N=C(\O)Oc1cccc(C)c1,0
1919,C=CCc1ccccc1O,1
1920,CCCCN(CCO)CCCC,0
1921,FC(F)(Br)C(F)(F)Br,0
1922,CCCCC(CC)CNc1ccc2ccccc2c1,0
1923,CC(C)(N)Cc1ccccc1Cl,0
1924,CCc1ccc(O)cc1,1
1925,CCCCNS(=O)(=O)c1ccccc1,0
1926,CC(=O)OC1(C(C)=O)CCC2C3CCC4=CC(=O)CCC4C3CCC21C,0
1927,CC(Cl)(Cl)CC(Cl)(Cl)Cl,0
1928,O=C(O)c1cccnc1,1
1929,CC(Cl)(Cl)Cl,0
1930,CCc1ccc(CC)cc1,0
1931,CN(C)C(C)(C)CO,0
1932,Cc1ccc(Cl)cc1,0
1933,CN(C)Cc1cc(CN(C)C)c(O)c(CN(C)C)c1,0
1934,Clc1cc(Cl)c(Cl)cc1Cl,0
1935,CCCC,1
1936,O=C=Nc1ccc(Cl)cc1Cl,0
1937,CC(=O)Nc1ccc(O)cc1,1
1938,Nc1ccccc1[N+](=O)[O-],0
1939,CN1C(=O)N(C)C(O)C1O,0
1940,C=CC(=O)OCCO,1
1941,CC1=C(C(=O)O)N2C(=O)C(N)C2SC1,1
1942,c1cncnc1,0
1943,O=c1[nH]c2ccc([N+](=O)[O-])cc2[nH]1,0
1944,CC(=O)CC(=O)Nc1ccc2[nH]c(=O)[nH]c2c1,0
1945,O=C1Nc2cccc3cccc1c23,0
1946,c1ccc2sc(SN3CCOCC3)nc2c1,0
1947,OCCC(F)(F)C(F)(F)C(F)(F)C(F)(F)C(F)(F)C(F)(F)C(F)(F)C(F)(F)F,0
1948,C=CC1CCC(C2CCC(CCC)CC2)CC1,0
1949,Sc1ccc2ccccc2c1,0
1950,CC(=O)/C=C/c1ccccc1,0
1951,COc1c(O)cc(Cl)c(Cl)c1Cl,0
1952,CCCCCCCCCCCCCCCCCCCCCCCC,1
1953,Nc1cccc(S(=O)(=O)c2cccc(N)c2)c1,0
1954,F[N+]12CC[N+](CCl)(CC1)CC2,0
1955,CCCCC(CC)COC(=O)CC(C(=O)OCC(CC)CCCC)S(=O)(=O)O,1
